speciesKey,image_count
5599251,43
3152707,96
3152706,85
8312665,101
5348711,101
3152634,101
7997923,29
3796190,15
3795863,9
2978466,101
2979474,101
2979265,102
7769517,44
3974744,100
8381471,3
3056835,101
3056375,99
3056259,101
3056042,26
3057221,97
2781924,2
2781961,87
3035369,102
3035456,99
5415454,23
6359819,101
3767891,99
5303475,17
2873769,101
2873807,101
7308877,14
3836457,100
2651706,92
8254182,66
3079985,7
3189694,99
8246677,12
7451120,84
3120223,100
3120060,101
3085168,101
3085175,34
2951851,3
2951846,101
5527836,1
7313459,21
7155887,101
5409255,99
3132228,105
2651816,101
2651833,102
7412206,99
3750161,101
8417744,70
2895031,49
3591729,29
5421195,91
3721362,101
3173321,100
2811095,2
3819030,100
3825597,2
2949102,1
2949250,100
5358297,6
4164044,4
7307327,97
2767031,91
2766811,101
2766636,101
5550211,3
5401673,100
3152226,102
2733934,76
2918871,52
2918203,31
2916044,4
2918843,13
2918700,15
2704108,37
4063474,101
3659064,15
3659898,4
7167078,97
3815492,1
4079267,52
3036209,1
7903057,101
3042751,101
3042837,74
3042845,101
4030419,75
5383016,102
5382985,100
3076220,1
3076180,11
3076290,51
6358484,101
5361944,92
5555210,100
5341758,98
5602619,62
7583876,8
6370882,27
5544043,27
5544059,57
8156987,3
3173333,101
3173338,95
4055437,1
2845882,33
7394232,6
4080574,101
5421368,101
3829613,1
5288819,99
9273319,50
4933534,14
4926336,100
3136925,100
3659000,5
3173178,96
4007936,97
9649960,29
3925297,99
3034646,98
8302726,99
2928410,56
3884461,97
7342732,4
5407100,101
5407273,98
5407123,101
5407099,101
9483249,4
5308555,11
3083508,101
7262663,77
3076532,5
3076436,42
3076491,83
3076438,49
3076595,88
3076798,9
2889355,100
3172001,101
4047850,29
7303268,5
8047443,100
4156721,15
4159200,9
5298546,100
3981543,98
3981483,96
3876453,57
7799649,70
8339627,11
8971274,101
5332182,2
5389402,99
5392065,24
5391845,100
5391862,101
2693754,102
3628231,99
5383085,101
2874863,101
5385687,12
5600005,99
4079429,99
2808791,20
3189955,96
5395607,103
5395786,74
6445734,99
5395671,7
5395639,43
5395835,104
7358042,100
5395843,77
5395686,98
7300656,4
4100434,1
2984359,100
7769607,97
7327348,16
3086282,100
2758480,11
4012211,47
7288643,74
2718302,14
3579089,101
5414566,98
3699976,92
7620074,17
3189636,98
8307542,100
3189635,100
5411542,24
4094511,36
5407583,92
8269930,7
5636073,2
5635838,12
2962193,72
7799711,30
2962057,25
2962029,101
2962021,100
8034409,101
5361880,100
3841195,11
3840335,2
7270041,38
7743229,41
2893147,33
4106183,12
8383611,11
7552967,25
5601856,26
7273413,99
5601836,99
5375388,101
2845928,2
5292372,101
5292267,6
5301026,18
5300998,20
8234570,101
4939125,2
7285992,12
8400302,101
5354740,5
3974372,100
2958773,18
9362258,34
11219613,4
2958715,100
2958871,12
2960284,62
2868390,99
5294128,11
5294114,2
2795128,56
2795257,38
2795023,73
2795051,101
5302914,61
5391480,101
10514274,98
10507579,9
7309012,15
5609925,5
6412107,26
5341132,100
7308776,100
7308852,100
7307835,18
5609427,2
7308743,10
5303453,101
3173413,42
3092946,103
5372487,96
2683942,3
9531830,100
2925357,100
3893244,101
2925349,101
2925354,99
2925348,51
3890752,1
3890745,98
3887135,101
3889087,100
7307919,49
2951345,1
3774284,24
7307233,99
2946665,12
2946542,100
2946519,101
7326564,2
3034720,17
2874564,100
2888831,101
3829341,26
3033943,101
2735117,101
2874867,37
2968949,19
3071476,100
3774207,100
3164997,101
5412879,56
2811501,7
2811433,4
2811392,20
2811765,3
2895345,101
2895528,7
2706301,101
5406687,10
4059906,101
3884974,38
2795410,3
5330776,100
2870285,7
5372467,101
5646867,4
5646838,100
3137300,1
2789676,100
3094819,97
3607289,98
5403419,4
5415080,96
5415081,98
2853796,101
2853901,36
2747939,94
6359825,101
7970844,90
2942052,9
2941944,27
2942208,4
2942877,79
2942291,63
2942058,45
8260433,101
2942090,4
2942610,100
2942762,32
2942727,98
2941939,100
2942654,102
3057960,100
3058629,11
3058185,100
3058717,1
3057656,9
4024206,1
5525050,36
6021960,21
5284237,95
3034432,99
4040546,105
2874570,101
8130737,5
7443131,8
6559985,37
8344668,1
3698309,28
3189403,2
2763941,94
2764179,98
2764202,97
2764435,86
8339120,2
3146791,101
3126384,6
3146683,101
3152092,99
3152082,37
3152084,56
5341270,94
5341290,72
5304502,53
2766278,97
2766271,77
3133938,101
3133950,101
3034871,101
7846556,101
7322062,44
7322129,2
7161076,56
5531399,100
5293281,21
5293447,43
5592750,1
3098951,99
7584507,100
3025781,93
3082562,101
3115443,99
3871487,17
3054263,13
3871686,44
3871303,42
3712064,93
7330024,9
3033937,94
7596599,42
4054691,52
7130673,96
3039164,22
3039163,7
2925396,101
2874621,94
3190164,57
8077391,101
6433679,31
3190157,18
3190172,95
3060538,34
5834596,99
3190413,57
2785455,42
3184115,41
6375061,13
7277064,35
7474713,13
7278156,40
7278221,100
7277589,80
7356039,7
3054227,102
6370562,97
2925351,99
3894771,6
8014461,102
8137825,4
7308161,99
2932942,23
2932944,101
3873929,59
3046258,101
3189939,99
2727853,100
2723579,89
2724401,31
2729549,3
3083448,67
2874484,101
5414419,34
5536282,101
3094849,27
3094841,59
3094854,24
3138327,99
3034714,100
7308640,94
2738902,101
2738914,101
7763536,23
7819400,5
5357108,100
5357158,88
5357125,63
3033999,101
5333237,108
2891930,98
5333067,4
3169830,100
11038189,100
7293851,9
4054403,3
5406697,101
3793742,18
3792919,1
3169169,97
7265565,48
3085191,100
7303643,5
4159594,97
7366997,101
4160107,18
3089561,99
5595243,45
3034128,100
5391292,96
2706433,5
6033660,27
3085440,98
2651586,101
2882398,98
7155766,101
7155753,96
8429062,21
3086518,96
2928791,106
4195539,99
2947311,93
5392243,100
5392252,101
2901250,4
2901294,16
7304259,1
3033985,99
3033991,101
8028551,31
4181342,12
4179952,79
9128079,1
3033987,29
3851819,52
7322810,3
2844811,2
3112887,99
3113222,24
2705290,101
2891640,99
2891641,101
2925403,83
6413451,35
3190474,96
2650106,97
3082142,6
3171169,101
3187799,91
4195229,1
7147896,68
4927572,9
4195050,96
3062296,32
2705757,49
2705761,4
2705762,17
3173128,100
3173126,83
3173129,101
3770457,21
3082835,84
3082727,95
3867269,101
3083504,101
3882375,6
2953747,53
2953113,98
10856210,34
2947990,18
2953715,100
11375257,2
2953871,98
2953160,66
2953031,101
2953251,100
5535537,23
7873234,29
5290201,99
7340130,25
2795522,99
5673346,34
3589072,6
7313620,73
3170241,100
2768632,78
2768772,98
2768885,96
2768686,101
2769937,101
4258922,23
2650701,2
4257138,6
2650676,101
2650655,101
2650600,97
2650614,103
4256698,39
4256516,42
7310734,10
7310817,51
7758614,100
5387639,102
10738346,2
7596861,1
5345341,55
5345082,67
3775264,4
3173254,100
5574031,25
5593924,98
4016717,23
3122433,87
3033077,98
7330924,92
5557539,26
7331082,99
5558460,45
7331031,102
5558193,4
7331183,9
2736531,96
2736565,12
2733997,30
2888485,98
5549147,101
2867193,3
2867313,8
3589079,23
3588727,1
10923972,5
7313567,55
3589461,41
8207569,49
5836315,9
3154909,16
3121319,101
8373355,100
3121446,6
3120722,92
8341657,3
3121581,101
3120972,98
3121058,7
3121137,35
3121650,89
3120713,88
3120946,98
2984573,104
2984565,99
2984566,27
6026462,26
8120502,32
5537546,12
6027415,1
6026295,6
3742081,1
5274878,101
7457890,2
5371879,101
5289910,50
5383369,88
5597304,45
4159921,72
5524063,5
5353770,99
7769165,41
3036888,105
3037015,96
3036940,6
3838835,1
2684921,63
3830318,1
7353729,101
2941309,55
2941456,96
5557606,14
5414379,99
7169429,80
5558282,18
5302311,19
5302225,89
5302164,103
5302219,16
5302216,9
5302190,3
5302199,14
5301979,102
5414411,48
5414410,98
5535557,2
3084939,96
3702567,6
3702551,9
5406789,101
2948646,2
2948605,101
6109611,100
5384364,98
8911082,100
5384401,99
5384397,33
5325855,101
2685185,4
2764969,100
3188714,30
3188716,44
2759996,4
2759871,25
2871520,10
2871533,101
5401760,99
5597755,59
5597349,52
2866378,4
3002003,100
2919748,100
3190653,96
3708775,75
3133817,8
3133830,95
7307111,58
7306109,47
7326263,97
7326260,1
7326268,7
3701897,79
2973197,28
10691906,51
2972983,100
2973038,9
2973031,16
2973167,50
3055402,2
3055347,31
4930679,101
2865100,101
3169836,99
3169838,68
2856558,12
2857697,100
2856504,66
2857449,100
2856037,101
2856681,105
2855860,101
9364157,58
2876187,11
5329978,10
5329904,98
2777724,91
5302271,29
2874569,100
7393329,101
2874508,101
2948930,15
5284275,22
5284278,100
2683955,6
2853024,86
2757544,17
2757637,11
2757624,99
2757547,1
2757545,35
3610749,21
2927548,77
2927545,2
2946183,7
5303388,38
8544796,65
5303371,30
5303311,23
5529644,97
3142265,24
8303480,7
5384314,72
2683264,46
2683234,6
2683250,14
2683217,98
2683272,20
2683286,10
3830078,5
3829915,2
7708168,96
5305656,37
5305481,22
5305706,14
5305704,6
5305513,27
5305617,3
4151099,30
2705275,101
2705267,9
4139011,9
4138713,5
4137812,49
7312698,4
8154670,2
3112361,71
6109637,101
4064484,10
2966890,42
2713638,103
2713479,100
2713778,1
2716516,10
2714796,98
2713932,5
2716226,100
2714156,100
2715828,100
2715729,96
8243603,101
2715148,12
2714056,98
2713473,23
2715089,37
2714818,100
2714571,3
2930216,98
2650828,44
2650829,101
2650827,100
4038867,1
4047324,8
5308441,10
5308446,27
2871919,6
7300685,5
2949868,76
2950187,5
2949769,100
2912772,43
9705079,75
7874167,10
7173530,40
2814845,3
5334186,100
5568446,99
3083862,100
7551162,101
7275851,64
7685885,34
3823358,2
7469977,3
3750517,20
5289612,91
5289624,100
2774721,8
2774846,101
2774395,3
3661517,26
3616952,11
9627346,99
4080035,6
5349935,56
2735935,97
7627205,98
3150814,75
5401002,98
2985082,100
5290133,97
2885828,101
4934732,10
2687843,14
2706188,99
5293599,1
5387142,101
2968466,2
2968457,3
2968703,10
2940397,22
2968408,14
2903461,101
7311442,72
4261959,79
7311236,10
2874725,49
2928755,98
2928747,94
2928751,101
3034742,101
7911152,100
4204959,46
4099305,53
3180167,8
3675567,90
2956176,101
3033833,101
3923581,48
5316701,35
5402447,58
8413198,96
3125384,103
5314663,4
7300218,37
2868332,1
2868272,100
5384031,99
2653377,10
7924597,96
2687940,101
2705362,15
4147107,8
2705394,13
2705400,100
3172936,101
2815284,84
3146717,101
10855510,101
2690666,23
2691022,26
2690404,2
2690614,7
2690608,79
2690514,2
2702527,94
2730176,1
3034425,94
5349504,6
5349620,49
5349642,10
5349581,101
3685992,18
2971186,5
2781885,100
2873939,49
3091122,9
3176197,89
5418431,89
3176897,51
3176787,100
3176649,94
3176743,101
3176719,90
3177112,87
3723584,25
5416458,100
5312136,30
3831820,100
7269372,99
5594377,1
5594382,112
7265434,34
3169137,100
8394214,105
5402943,101
5403117,41
5403095,2
5402831,102
3087725,101
3142644,2
3069535,31
3065495,22
3070597,77
3065503,12
3064495,100
3064865,41
3066964,11
3068937,97
3066321,95
3063803,10
3066965,101
3067891,97
3066465,101
3066357,4
3069353,89
3066919,98
3067098,27
3591315,45
7152601,59
7152542,55
2858034,14
3709190,34
9464189,102
2928673,101
3840363,57
3702513,11
3071702,97
3071716,40
4938052,10
2889373,101
7289420,25
7863745,41
8413821,4
2984652,97
4093859,1
3993458,17
7328504,9
7328427,101
4020282,14
7831098,4
7270134,33
4934494,1
5340379,99
2890266,24
2891583,100
2891266,101
5369685,99
3141101,101
2926557,101
3084616,106
7548362,64
8082978,97
2757900,1
3080562,100
2740024,101
5390273,100
5359660,101
7732678,100
8241662,36
7861283,98
5341168,22
6410769,35
3100918,100
3101068,14
7815591,101
3131229,101
5390831,11
2653133,54
3157333,6
3157344,97
5331162,98
5331164,17
5603911,39
5331160,3
5287564,101
5359839,48
5359831,6
5359843,101
5324319,1
2765559,69
5382823,101
2684887,7
3831801,35
3029934,100
3029817,98
3172325,99
2747084,101
5300358,16
2718992,48
2769796,101
2710209,74
2984047,101
2975667,101
3132570,99
2913548,100
2914110,100
3189571,36
3189570,6
3713469,47
8096611,10
5335125,100
5334965,16
5371724,7
5361907,99
5571773,40
5361932,101
5361919,101
5361909,101
5361914,56
7835333,101
5571945,99
7262725,99
5571361,11
8007516,2
7879404,102
7467639,94
7262544,100
8037208,5
5361930,98
7673670,58
5361904,100
5361935,100
5571130,2
5571076,6
7262595,99
7262408,98
5569748,25
3767426,97
3234563,92
5571763,39
8368771,7
5571621,54
2708266,7
2708744,9
2708808,101
2709171,10
2708425,2
3152111,91
5384950,101
2702808,95
2702822,16
5523712,42
7132425,97
7293128,22
2731882,100
7426040,91
5833757,3
8368501,1
7777372,19
7300505,99
2717712,36
5395928,100
5395925,96
2705957,57
2705953,101
2749556,16
8002762,2
2927075,97
7330991,83
7799958,1
7330952,31
7330930,16
7330920,43
7462876,22
7376217,100
2901228,1
3063650,4
3170131,22
2763038,12
2976244,38
2976236,101
2961150,92
2650858,101
8582197,101
7268813,76
7317695,98
2819021,72
3790189,10
4102897,10
4097830,5
4096937,1
4096576,6
4097195,2
3582258,50
7439694,69
8110071,3
2768088,3
5303779,14
2770795,11
2770769,5
5421144,101
3172487,4
2975585,29
2984541,82
5304576,8
5304529,16
5304612,2
3190527,9
3660297,1
3191153,12
3190722,101
3190855,99
7319844,102
3989330,43
5365717,101
5356335,9
2925655,101
2970961,4
8365251,100
3085421,100
3085420,101
3085418,99
6363496,101
3603377,5
2959543,6
5415360,99
5275373,100
5579308,100
2928667,96
8682693,100
3115588,99
3115608,1
3817784,1
2869345,100
5414989,101
5414995,101
5680887,5
5383898,100
5681168,1
5681100,53
3190008,101
9070905,4
2754476,83
2755489,98
2755618,84
4937226,35
2755195,10
2755784,23
2755706,15
2754423,35
2754651,5
4069970,7
3032960,13
3032980,98
7295796,16
4070768,24
5317107,24
5316744,95
5315454,28
5315366,34
5317521,9
5316408,3
5308651,15
5315301,9
5317287,5
5316927,5
5317489,28
5315870,1
5316317,4
2703316,2
4098506,4
4098487,4
2946831,38
2946798,61
3035134,100
4001649,20
2900952,103
5350305,21
5350336,101
2942986,25
10854344,15
11370567,11
10781752,86
10775938,99
10734509,26
10690761,15
2971248,3
2971312,55
2971272,28
2971234,99
11374082,94
10833216,101
10829464,24
10875965,10
3155130,100
2653207,4
3694784,12
7150619,83
3890741,17
3084908,101
8396756,56
4028759,7
2840807,96
2840611,47
7313778,92
3152663,5
3152666,40
3152658,101
3152661,101
8028873,102
3173137,79
2891791,90
4260812,14
3152080,1
4260147,7
4259716,43
4259769,16
3986813,101
3152195,97
2894828,99
3787288,2
2874605,39
3623176,18
3791329,101
5546922,102
2925788,101
4062306,22
4001417,2
2650123,15
7326897,100
2781074,101
2781103,101
8125676,100
8297383,22
5310564,71
3685338,95
5290179,96
7424162,21
3071171,93
3152547,101
7279059,3
3152555,100
3152559,100
3152582,101
9064581,100
3941020,100
3152583,101
7115794,101
2854416,99
3168943,102
3191302,101
7317816,1
3169748,101
6135815,101
3071623,45
5669231,6
2706056,101
5564667,1
5384931,101
3039410,34
8658195,96
3573959,5
3573230,6
2984537,94
2984535,100
3991221,22
3991114,47
7448919,61
7446415,3
2688470,69
7383551,13
5380015,100
2895700,26
2985994,100
5329570,69
8418338,101
3639560,102
5329272,29
3612749,31
10334868,98
2705781,93
2860119,101
2904440,26
8265032,5
8222617,1
2928977,60
3189479,99
7948012,100
7317960,102
3115470,6
3139958,37
3139903,6
3139895,55
3139807,101
3139818,3
7326414,101
2687885,101
7300847,101
4159442,2
2829531,72
2828859,37
2829357,1
2829840,20
2705462,13
2860677,101
5361791,3
7329731,95
3190016,34
3708966,5
2758716,104
7883492,98
2758686,2
2758665,19
2758673,1
2912262,57
2916058,9
2911970,97
9264048,19
2911992,97
9411691,6
2911955,7
2912017,25
9206251,101
3119175,101
7287475,101
5547507,100
8217389,14
3711910,2
5275022,21
2709295,34
2852790,43
7306536,78
2926815,98
3889017,101
7778424,92
7315806,103
5533851,1
7315909,2
7154501,101
7315854,5
2889756,1
5549979,3
7326434,16
2891773,104
4193478,71
2971507,6
2972082,99
2971525,65
2971499,33
2971635,101
2971774,101
2972043,102
2971584,35
2972275,21
2963211,89
8661547,59
3148340,100
4933624,97
2925303,93
7300666,7
2984469,39
5330870,15
5337099,87
5337238,45
5337147,1
5336863,100
5356514,98
3144813,2
3144718,64
3034015,101
5420912,100
7300476,99
4160376,18
4160417,97
4160336,94
2702901,99
3738444,65
11208838,95
11161239,7
2867627,1
3973001,60
4924659,103
6410563,101
7263961,21
10689300,74
7264786,22
7648181,6
2650524,101
4024491,45
11131846,11
2703873,78
2970418,98
5607947,101
7307251,17
7621903,19
3152825,27
3152873,38
3685274,27
3190002,101
3033977,100
7304140,99
8956507,10
4182444,18
7304563,41
5332934,77
2733469,99
2733400,4
5409093,96
5408737,100
2969156,17
5598598,100
7272715,46
5334240,90
7272559,4
4129475,99
7290245,24
3823889,1
7322187,97
8924323,98
5420987,101
8129014,32
2874601,41
2874599,18
5421047,102
6435171,99
7299714,100
7299573,103
2928809,97
3885429,40
5395405,9
3172294,100
2753253,15
2752997,45
2753380,93
5328736,104
6033875,7
5415005,40
5563158,2
5415004,20
5563114,34
5415001,83
7685583,17
8394552,4
7304587,28
7304569,100
10975167,101
3733807,100
3733766,77
3171892,97
8125066,3
7663721,2
11067359,21
11084629,4
2650772,100
7966726,100
7326156,97
2873861,101
4143825,5
5306140,99
5322999,97
5323250,66
5306206,5
9410332,23
9294395,1
3702542,101
3802772,14
2930364,6
6385660,39
8213721,48
2688393,101
2688424,92
5326154,60
7920353,96
3744314,56
3744838,97
2650436,101
7328514,100
5354459,10
4005921,33
3169331,100
4005565,16
4005402,83
4005004,44
6365649,101
3073960,3
3074272,6
3074251,98
3074333,16
3037404,2
4177874,100
7304278,11
2883272,1
7736989,26
9477469,100
3153695,3
9605163,101
3033905,88
7828251,9
3981498,48
3981426,98
2813396,104
3745240,4
5301451,26
5301445,89
6441622,16
2985933,1
2985930,98
2985940,94
3874179,30
2685721,29
2685711,2
3172561,101
5310858,5
3152102,99
3743505,22
2901155,11
5383936,85
5421180,99
3169625,100
5536025,33
5352522,102
5352523,100
7279431,26
2718767,99
3583416,101
9452699,100
2714915,52
3190508,96
2952236,101
3140510,97
7403263,101
3140490,101
3134219,98
2874672,101
3988950,2
3188725,88
3188724,101
3988234,4
3098694,83
3661151,77
2928631,101
2928525,101
2928551,100
2928531,97
2928699,36
2928545,37
8227635,40
2928565,100
2928524,101
2928562,101
2928547,100
5294824,23
3085038,98
5297939,99
5380959,1
4143195,12
7308656,6
8060712,3
8151301,97
3115579,71
3100745,58
2905493,101
2905600,98
2905255,8
3682778,2
3682067,93
7326085,33
8392779,9
3172267,51
3683063,96
7587215,101
3682207,1
3072953,100
3072900,101
3073017,100
3072985,100
3073016,101
3054368,100
2701311,101
2701743,63
2684363,56
2684690,60
3173105,67
7447231,65
7840408,18
5378775,12
5378750,10
8004482,98
5378721,1
5378650,95
5378605,96
5378500,53
5421429,104
3001244,101
3152377,101
3152775,97
3152776,98
3060998,101
2885079,20
2885150,9
2885158,91
3190638,101
3596820,3
2761352,98
5383240,34
2715877,7
2714453,106
7298701,3
7653972,78
5274875,93
3172618,100
8370958,101
3171304,97
2965531,100
9151957,96
8618436,1
5416091,11
5415976,78
5415885,59
5415832,65
5380873,99
3662338,2
3188511,100
3861607,100
3870782,10
8365307,5
5355731,100
5355677,56
7629955,80
2969284,101
2883768,101
3086240,98
2706022,89
2706026,94
2900469,2
7289342,5
5407003,1
9381433,49
3084611,100
2874580,95
2874581,101
3747279,99
5339879,101
7976478,101
7533157,6
3054181,101
5361889,100
7262379,7
5361888,101
3905218,1
2926630,98
8356260,41
2951381,101
2951365,97
2951499,97
2951358,2
2951398,98
8364646,89
3152036,100
2764625,55
7304495,4
3190712,109
5353534,51
5421126,96
2650930,101
3169756,101
2836743,71
2836663,23
2836735,5
2705687,63
2928775,101
2928774,98
9444220,51
4178276,3
3683008,86
7326947,93
2882422,100
5592249,100
5341503,93
2738422,95
5312847,4
2927097,97
2927096,99
3898584,2
2927094,80
2927100,100
3617566,36
5371886,100
3188875,100
3686148,32
5415040,101
2732290,11
5566677,8
5341747,98
5384142,96
7321401,86
2650129,73
2650137,12
2774251,103
2774158,91
2764792,21
2764680,101
2764739,98
5421333,101
8190743,100
2762680,101
2762920,69
2762752,89
2762907,2
2892654,2
2892634,101
2892470,54
3745012,9
5361760,99
5406817,40
2902953,15
3719723,99
7326127,1
2687779,95
2687771,12
4100198,2
2858963,101
3836590,22
5339133,100
5415356,101
2882449,100
3623479,55
2896888,92
7304510,47
3188512,99
5914287,101
2971041,97
7269635,100
7707713,45
3152125,101
3867900,44
3865790,3
2927208,99
2927192,100
2927198,100
8707933,96
8974899,31
2927175,101
3062960,48
9590157,2
5341744,101
7324214,8
9636531,101
9452352,100
9619573,43
3881888,32
7330039,82
4259928,99
5396042,47
7265907,101
2650730,102
2650725,100
8406468,98
2650536,99
3884817,1
7348453,1
3987892,101
3153099,66
3152997,102
5398634,2
5340994,100
5340801,4
7300629,1
7300607,4
2954036,11
5355540,23
5355447,2
7414934,58
3891796,62
7308026,97
2703459,72
3866460,51
3865497,5
3172278,100
7319895,99
3645928,94
3645975,48
5329515,64
8211958,100
8427624,101
2891707,101
3188629,29
2974683,53
2909527,101
7316516,100
3083486,86
7155259,9
5603062,33
5372282,7
5327262,13
5327293,96
2705141,63
2705090,101
4132778,7
2705093,87
4125606,67
2888443,101
2888439,97
2833897,12
2825331,6
5535809,29
7307593,69
5295878,29
5295929,100
5357217,101
2981777,100
7317262,102
3086784,101
7293862,4
3039209,95
2705610,101
2705656,94
2705565,99
2705622,101
2874199,101
2874190,101
2874211,101
2874210,101
2874183,101
6058838,35
3727077,14
2924656,100
2924801,30
2819176,9
3069168,99
9609002,98
2774071,6
4100721,101
7916114,6
7740279,84
8110229,2
2952775,91
3188706,90
5671747,101
5828197,26
3146542,43
3152140,9
3580320,24
7796168,9
4256028,14
2985709,100
3086371,100
3086412,99
3086448,99
3829373,101
5341394,98
2817539,40
2817570,9
5575270,95
3034046,100
2928859,101
2925536,101
7828157,101
3093337,95
5333350,29
7300516,102
5670477,100
5361841,101
5361830,108
7300944,99
8592945,100
5285244,3
5285824,28
5285215,14
5285119,31
4183601,100
4187904,95
4191172,100
3086338,3
3086357,87
3086342,6
3086260,98
7321836,1
2870583,101
5347846,100
7303830,4
8677924,100
2962831,101
5334135,99
7303104,101
9118978,99
3189767,101
7148630,88
4024927,22
3164340,103
5341313,103
5341492,99
3792354,8
3132728,101
3132668,22
3082286,24
3082282,99
3169673,101
3169677,98
3169674,101
5285930,102
5286088,1
8336561,1
4105598,94
4105523,17
7308947,16
3899613,11
7308820,7
4013131,22
5303492,100
7891136,10
3156422,86
3156325,7
3085781,47
3085381,100
7293502,15
7711084,10
7293419,6
3191373,101
4051511,82
4049324,2
7293626,99
4050793,31
2770124,9
2770022,100
2770228,101
4034001,100
7291589,51
6391007,101
2889304,99
6391450,102
2889262,92
6391150,101
7291547,1
8879994,8
2889229,95
4033648,101
6391194,99
5334440,99
4033482,21
4033392,27
7291203,102
7537964,97
4034380,80
7291143,98
3035891,3
3035652,30
3035681,22
3035778,19
4041108,23
7319737,89
4039606,3
4046493,36
2965911,6
5829094,10
3084700,101
3084719,100
3084704,101
3084699,89
5301162,100
7289668,2
5301141,99
8228815,5
5330311,98
5330343,1
5330394,44
2884162,93
7300542,102
2984383,96
5408864,3
5409107,99
7713954,12
3896962,1
3896998,101
7657266,3
2925346,7
5641841,5
5341297,101
7818643,101
3021409,9
3021046,32
8149923,94
3022290,99
3021120,4
3772966,11
7521283,101
5420641,101
5420380,101
2688176,101
2944683,27
2920037,98
2923582,101
5275012,101
5275396,101
7310193,20
5275404,100
5614040,6
3914366,101
5614469,2
5275415,99
5613834,100
5613847,17
5275398,100
7804678,6
5349242,69
5349297,3
3054377,47
4205741,1
5392205,83
3669210,19
5835447,16
8186593,5
2977636,97
2977687,95
5420901,101
2984241,35
2730407,96
2730818,31
3118284,8
2888269,99
3172569,101
5648124,31
7290072,98
5647926,7
5647918,103
5647804,71
5363119,101
5362639,10
5362786,26
5311077,4
2928598,98
2928534,101
2928576,101
5350466,100
5350438,36
5350452,101
8198582,97
3190154,101
2765625,94
5293119,101
5293182,6
5293121,10
3000384,62
5290149,101
5290154,87
2925445,101
5302787,6
5341112,100
5381567,102
5382589,98
5381660,99
5381279,55
5381514,12
5382478,101
5382780,101
5382061,47
2948557,1
2948577,4
2948568,97
5677245,30
5290171,81
5290168,61
7795317,4
2650532,100
3797084,101
5341792,97
5341784,99
2946860,1
3084022,100
3084015,100
3190647,74
3190660,11
2877959,101
2876873,100
2879787,101
4092370,13
4092178,101
2919363,19
2910886,98
2891981,21
7276807,101
7823272,101
3033374,100
7678610,98
3618324,101
3616228,36
3169787,59
3616339,12
3169782,95
3169770,32
7516558,64
2772865,14
7265761,29
2731082,68
2871956,10
2786221,3
2889173,101
3567756,3
7273631,12
3039481,8
2736747,101
5329707,6
5826049,105
5329733,2
5371542,99
2888864,11
7263230,99
3086526,107
3185980,11
7327627,101
7327638,1
4170281,4
7328295,10
4169836,5
7329102,102
3179997,101
4195070,1
3190553,99
5350585,96
5350625,100
3114400,15
2720668,6
5315188,71
6365525,1
5380041,100
2818868,11
3053336,48
3053159,18
3053472,100
7701037,98
3005039,104
3002751,101
3003244,101
3188674,4
7122825,94
2704075,101
4067141,9
3686955,27
7780480,4
2892192,100
2999072,7
8108495,100
2990916,1
2989835,15
2989183,96
2991314,101
2991373,98
8234521,100
5573538,101
7575722,101
5415418,100
2888995,99
2888951,101
8195144,97
2889038,88
7291214,102
2888980,99
7291884,11
5414601,94
3190382,101
2703626,99
2703912,101
2703935,71
3039516,96
7952995,101
5329055,46
5328972,101
5414293,53
5372639,91
5582578,4
5421447,13
7130426,24
9278365,101
2927064,99
3891879,100
3888263,2
5274858,98
2972960,101
3856236,99
6369819,97
3850843,26
3639353,61
6027090,5
2889785,101
3029627,101
8017915,100
3054385,98
3054399,101
3085360,101
3638241,28
5359533,8
9671576,9
5359538,18
7339073,100
3597414,1
4178417,12
7270803,17
7270795,99
9197670,102
3032762,101
5546217,3
2873712,1
2710683,4
7953794,87
2710499,3
2710716,21
5827389,101
2710575,21
2720239,86
2712752,18
2712534,75
2712569,3
5549816,9
3074608,26
7312404,101
2874612,101
5361983,9
5362004,99
3710063,6
3710030,100
7329850,96
5836557,23
7329855,4
4940372,74
5836522,99
7822515,12
7456426,1
4940390,95
2688211,106
8688934,93
5392375,7
5405661,12
3107839,100
7985572,99
2956947,104
2958032,14
2958076,101
2957241,30
2958100,100
2957408,97
2957966,98
2956905,100
2957379,102
2957247,39
2958052,94
2957728,71
3172622,104
2970721,68
7645889,93
2970648,65
3084883,101
5289663,37
5289698,101
2702958,99
2929691,74
2929848,45
2930439,99
2930569,89
2930617,101
2931104,95
2930222,93
2930705,2
2929920,58
2932389,126
2930262,95
2931914,101
2930210,99
5388989,101
6446462,101
3105813,95
3105782,101
8228544,101
3105682,18
3858329,1
5406998,100
5635606,85
5635568,14
3731827,10
2959073,47
2958970,100
2705181,100
2705189,24
2702424,26
3172574,86
2816456,99
2816418,78
2977014,24
5386720,100
5386764,9
5386757,26
3083647,101
4153053,90
8170635,97
2805433,99
4097481,100
3661030,56
2704757,94
7729020,11
8302135,42
3094648,10
5289679,98
5289684,101
3933670,96
5406739,9
5406755,101
5406747,1
5617952,3
5406735,100
3125899,13
3125901,100
6063463,21
3145214,101
3047621,101
7740617,101
5651170,5
3145311,18
5295393,10
5295278,1
5295415,101
5295395,8
5295472,100
5295506,21
5295425,41
5295221,22
5295689,102
5351145,1
5351153,16
2929362,100
2932737,103
2930006,101
2931461,100
3158672,101
2650747,100
2925463,99
7303923,5
4090155,3
4079570,18
5384606,100
7268161,101
2863358,101
4079023,76
5592644,102
7268792,100
5592802,27
5592737,7
7161901,9
5406675,83
6029583,98
7797610,101
7298473,27
3125557,6
8385615,19
2963569,95
3000406,98
10242935,35
3767205,3
3572291,1
2765086,10
8068041,101
7567945,99
8685745,15
3169609,3
3144503,10
5645091,13
5414399,48
5645841,15
3083541,101
3054898,5
5596405,1
7318843,20
7318817,100
7318819,101
7318867,101
7318796,9
7157705,97
7902154,6
7318913,100
7558421,101
5404991,101
5402653,10
3183002,8
2712931,83
3879433,2
3171787,96
7309014,26
5609933,99
7308714,100
3846350,42
3591410,96
7493943,74
3660419,100
7696841,100
2867982,2
8637348,11
3189945,89
5383983,17
3182771,36
3183840,101
3182536,11
3183534,101
7370452,39
3184509,98
3182288,22
3183180,98
3182824,44
8172343,2
2755905,59
2755852,92
2755866,101
2755891,42
2755849,2
7816203,2
2950828,83
3088488,99
3084672,101
3084670,101
2975768,100
2874696,96
5393992,3
5394163,89
2896248,1
4001208,12
4001492,4
7287927,5
2684191,101
5284540,9
3172492,101
5654301,77
7724229,19
6055063,90
7347153,78
8168998,48
2925649,95
3570803,13
5342186,10
5342239,102
5342323,20
5342176,84
8777864,18
3189390,59
3189394,100
3189388,33
3189391,1
3591610,104
3189627,98
5680962,63
5681347,99
5594365,14
4205817,29
3035275,100
7293693,99
5659275,2
7307951,21
7796912,3
3830295,11
5833715,3
5396557,98
10789822,101
7271504,97
7271494,4
3172204,100
3725985,44
7331731,100
3725668,14
3724873,105
3034820,101
4062031,41
3190624,101
3581786,30
3801464,79
5525681,2
10787822,33
10947397,25
8315348,100
5289461,101
5289477,3
2869495,99
2869538,1
2869559,11
8317447,11
2703467,88
3152205,101
7279053,25
3152795,131
3169652,101
7317524,2
7317471,97
2846723,3
7122389,101
2702911,60
2684855,99
5415463,97
5574269,77
5415458,99
7263605,25
5415456,101
5415460,95
2816952,4
5341442,100
4060185,99
4124764,94
5304075,17
3169713,100
2739071,100
2765221,101
2765230,98
2765359,100
3188757,95
4204463,10
2984507,59
3037345,14
3037328,4
5378648,8
3084848,101
5421117,101
5421116,96
3852273,3
7294697,97
8068501,4
3624240,21
7317567,15
3149462,101
8324121,101
5358748,101
5360475,31
5535699,3
2865504,1
7273609,48
3171939,101
2925529,100
3074906,101
3074918,101
3125210,6
4239512,2
4219232,31
4212820,1
3172086,99
3730342,99
3172083,101
5677150,42
7272546,98
2888626,100
2975287,101
2974832,101
2975014,97
7989033,64
2982508,3
2982748,18
2982533,4
2982380,12
2982455,3
2982753,5
2982583,100
2982409,96
3169707,101
7296623,100
7296357,99
5331181,101
5665503,12
7296732,38
5331347,101
3190406,64
7795888,101
4261116,9
7791388,94
3152069,102
2889934,97
5310210,18
7262496,100
5338256,68
5338193,9
2956565,98
2956550,22
2956572,25
2956594,20
5535797,97
3152253,101
7278922,99
2776790,101
8001590,100
3172406,100
3154353,1
3154314,102
3154445,67
7136320,87
7328793,22
4173549,45
4167924,1
2888763,99
2889828,101
4068797,88
4068906,2
5371753,101
2925564,100
7309306,14
8276186,43
2925561,100
5372424,101
8049561,25
5372392,101
4047699,100
4047669,73
5413733,98
5406665,101
5386813,101
3116861,34
3092303,97
5386531,7
9365162,1
3742339,1
5524676,99
5524490,100
5635525,101
5665885,98
5665840,100
7908508,7
5535418,11
7317439,5
5536701,29
3089154,104
2928381,100
9209685,3
2889811,101
7976013,12
3190517,99
3190516,21
2693047,28
2692701,3
2692968,1
5387974,101
7269121,6
7716390,19
3832937,74
7269365,101
3834419,100
5290052,89
7317778,3
2859976,99
2859952,98
2859817,95
2803042,100
3111754,100
2757184,99
2757086,20
2757280,101
2757108,101
3876080,2
7273665,39
5355266,34
