kingdom,kingdomKey,speciesKey,image_count
Plantae,6,5599251,43
Plantae,6,3152707,96
Plantae,6,3152706,85
Plantae,6,8312665,101
Plantae,6,5348711,101
Plantae,6,3152634,101
Plantae,6,7997923,29
Plantae,6,3796190,15
Plantae,6,3795863,9
Plantae,6,2978466,101
Plantae,6,2979474,101
Plantae,6,2979265,102
Plantae,6,7769517,44
Plantae,6,3974744,100
Plantae,6,8381471,3
Plantae,6,3056835,101
Plantae,6,3056375,99
Plantae,6,3056259,101
Plantae,6,3056042,26
Plantae,6,3057221,97
Plantae,6,2781924,2
Plantae,6,2781961,87
Plantae,6,3035369,102
Plantae,6,3035456,99
Plantae,6,5415454,23
Plantae,6,6359819,101
Plantae,6,3767891,99
Plantae,6,5303475,17
Plantae,6,2873769,101
Plantae,6,2873807,101
Plantae,6,7308877,14
Plantae,6,3836457,100
Plantae,6,2651706,92
Plantae,6,8254182,66
Plantae,6,3079985,7
Plantae,6,3189694,99
Plantae,6,8246677,12
Plantae,6,7451120,84
Plantae,6,3120223,100
Plantae,6,3120060,101
Plantae,6,3085168,101
Plantae,6,3085175,34
Plantae,6,2951851,3
Plantae,6,2951846,101
Plantae,6,5527836,1
Plantae,6,7313459,21
Plantae,6,7155887,101
Plantae,6,5409255,99
Plantae,6,3132228,105
Plantae,6,2651816,101
Plantae,6,2651833,102
Plantae,6,7412206,99
Plantae,6,3750161,101
Plantae,6,8417744,70
Plantae,6,2895031,49
Plantae,6,3591729,29
Plantae,6,5421195,91
Plantae,6,3721362,101
Plantae,6,3173321,100
Plantae,6,2811095,2
Plantae,6,3819030,100
Plantae,6,3825597,2
Plantae,6,2949102,1
Plantae,6,2949250,100
Plantae,6,5358297,6
Plantae,6,4164044,4
Plantae,6,7307327,97
Plantae,6,2767031,91
Plantae,6,2766811,101
Plantae,6,2766636,101
Plantae,6,5550211,3
Plantae,6,5401673,100
Plantae,6,3152226,102
Plantae,6,2733934,76
Plantae,6,2918871,52
Plantae,6,2918203,31
Plantae,6,2916044,4
Plantae,6,2918843,13
Plantae,6,2918700,15
Plantae,6,2704108,37
Plantae,6,4063474,101
Plantae,6,3659064,15
Plantae,6,3659898,4
Plantae,6,7167078,97
Plantae,6,3815492,1
Plantae,6,4079267,52
Plantae,6,3036209,1
Plantae,6,7903057,101
Plantae,6,3042751,101
Plantae,6,3042837,74
Plantae,6,3042845,101
Plantae,6,4030419,75
Plantae,6,5383016,102
Plantae,6,5382985,100
Plantae,6,3076220,1
Plantae,6,3076180,11
Plantae,6,3076290,51
Plantae,6,6358484,101
Plantae,6,5361944,92
Plantae,6,5555210,100
Plantae,6,5341758,98
Plantae,6,5602619,62
Plantae,6,7583876,8
Plantae,6,6370882,27
Plantae,6,5544043,27
Plantae,6,5544059,57
Plantae,6,8156987,3
Plantae,6,3173333,101
Plantae,6,3173338,95
Plantae,6,4055437,1
Plantae,6,2845882,33
Plantae,6,7394232,6
Plantae,6,4080574,101
Plantae,6,5421368,101
Plantae,6,3829613,1
Plantae,6,5288819,99
Plantae,6,9273319,50
Plantae,6,4933534,14
Plantae,6,4926336,100
Plantae,6,3136925,100
Plantae,6,3659000,5
Plantae,6,3173178,96
Plantae,6,4007936,97
Plantae,6,9649960,29
Plantae,6,3925297,99
Plantae,6,3034646,98
Plantae,6,8302726,99
Plantae,6,2928410,56
Plantae,6,3884461,97
Plantae,6,7342732,4
Plantae,6,5407100,101
Plantae,6,5407273,98
Plantae,6,5407123,101
Plantae,6,5407099,101
Plantae,6,9483249,4
Plantae,6,5308555,11
Plantae,6,3083508,101
Plantae,6,7262663,77
Plantae,6,3076532,5
Plantae,6,3076436,42
Plantae,6,3076491,83
Plantae,6,3076438,49
Plantae,6,3076595,88
Plantae,6,3076798,9
Plantae,6,2889355,100
Plantae,6,3172001,101
Plantae,6,4047850,29
Plantae,6,7303268,5
Plantae,6,8047443,100
Plantae,6,4156721,15
Plantae,6,4159200,9
Plantae,6,5298546,100
Plantae,6,3981543,98
Plantae,6,3981483,96
Plantae,6,3876453,57
Plantae,6,7799649,70
Plantae,6,8339627,11
Plantae,6,8971274,101
Plantae,6,5332182,2
Plantae,6,5389402,99
Plantae,6,5392065,24
Plantae,6,5391845,100
Plantae,6,5391862,101
Plantae,6,2693754,102
Plantae,6,3628231,99
Plantae,6,5383085,101
Plantae,6,2874863,101
Plantae,6,5385687,12
Plantae,6,5600005,99
Plantae,6,4079429,99
Plantae,6,2808791,20
Plantae,6,3189955,96
Plantae,6,5395607,103
Plantae,6,5395786,74
Plantae,6,6445734,99
Plantae,6,5395671,7
Plantae,6,5395639,43
Plantae,6,5395835,104
Plantae,6,7358042,100
Plantae,6,5395843,77
Plantae,6,5395686,98
Plantae,6,7300656,4
Plantae,6,4100434,1
Plantae,6,2984359,100
Plantae,6,7769607,97
Plantae,6,7327348,16
Plantae,6,3086282,100
Plantae,6,2758480,11
Plantae,6,4012211,47
Plantae,6,7288643,74
Plantae,6,2718302,14
Plantae,6,3579089,101
Plantae,6,5414566,98
Plantae,6,3699976,92
Plantae,6,7620074,17
Plantae,6,3189636,98
Plantae,6,8307542,100
Plantae,6,3189635,100
Plantae,6,5411542,24
Plantae,6,4094511,36
Plantae,6,5407583,92
Plantae,6,8269930,7
Plantae,6,5636073,2
Plantae,6,5635838,12
Plantae,6,2962193,72
Plantae,6,7799711,30
Plantae,6,2962057,25
Plantae,6,2962029,101
Plantae,6,2962021,100
Plantae,6,8034409,101
Plantae,6,5361880,100
Plantae,6,3841195,11
Plantae,6,3840335,2
Plantae,6,7270041,38
Plantae,6,7743229,41
Plantae,6,2893147,33
Plantae,6,4106183,12
Plantae,6,8383611,11
Plantae,6,7552967,25
Plantae,6,5601856,26
Plantae,6,7273413,99
Plantae,6,5601836,99
Plantae,6,5375388,101
Plantae,6,2845928,2
Plantae,6,5292372,101
Plantae,6,5292267,6
Plantae,6,5301026,18
Plantae,6,5300998,20
Plantae,6,8234570,101
Plantae,6,4939125,2
Plantae,6,7285992,12
Plantae,6,8400302,101
Plantae,6,5354740,5
Plantae,6,3974372,100
Plantae,6,2958773,18
Plantae,6,9362258,34
Plantae,6,11219613,4
Plantae,6,2958715,100
Plantae,6,2958871,12
Plantae,6,2960284,62
Plantae,6,2868390,99
Plantae,6,5294128,11
Plantae,6,5294114,2
Plantae,6,2795128,56
Plantae,6,2795257,38
Plantae,6,2795023,73
Plantae,6,2795051,101
Plantae,6,5302914,61
Plantae,6,5391480,101
Plantae,6,10514274,98
Plantae,6,10507579,9
Plantae,6,7309012,15
Plantae,6,5609925,5
Plantae,6,6412107,26
Plantae,6,5341132,100
Plantae,6,7308776,100
Plantae,6,7308852,100
Plantae,6,7307835,18
Plantae,6,5609427,2
Plantae,6,7308743,10
Plantae,6,5303453,101
Plantae,6,3173413,42
Plantae,6,3092946,103
Plantae,6,5372487,96
Plantae,6,2683942,3
Plantae,6,9531830,100
Plantae,6,2925357,100
Plantae,6,3893244,101
Plantae,6,2925349,101
Plantae,6,2925354,99
Plantae,6,2925348,51
Plantae,6,3890752,1
Plantae,6,3890745,98
Plantae,6,3887135,101
Plantae,6,3889087,100
Plantae,6,7307919,49
Plantae,6,2951345,1
Plantae,6,3774284,24
Plantae,6,7307233,99
Plantae,6,2946665,12
Plantae,6,2946542,100
Plantae,6,2946519,101
Plantae,6,7326564,2
Plantae,6,3034720,17
Plantae,6,2874564,100
Plantae,6,2888831,101
Plantae,6,3829341,26
Plantae,6,3033943,101
Plantae,6,2735117,101
Plantae,6,2874867,37
Plantae,6,2968949,19
Plantae,6,3071476,100
Plantae,6,3774207,100
Plantae,6,3164997,101
Plantae,6,5412879,56
Plantae,6,2811501,7
Plantae,6,2811433,4
Plantae,6,2811392,20
Plantae,6,2811765,3
Plantae,6,2895345,101
Plantae,6,2895528,7
Plantae,6,2706301,101
Plantae,6,5406687,10
Plantae,6,4059906,101
Plantae,6,3884974,38
Plantae,6,2795410,3
Plantae,6,5330776,100
Plantae,6,2870285,7
Plantae,6,5372467,101
Plantae,6,5646867,4
Plantae,6,5646838,100
Plantae,6,3137300,1
Plantae,6,2789676,100
Plantae,6,3094819,97
Plantae,6,3607289,98
Plantae,6,5403419,4
Plantae,6,5415080,96
Plantae,6,5415081,98
Plantae,6,2853796,101
Plantae,6,2853901,36
Plantae,6,2747939,94
Plantae,6,6359825,101
Plantae,6,7970844,90
Plantae,6,2942052,9
Plantae,6,2941944,27
Plantae,6,2942208,4
Plantae,6,2942877,79
Plantae,6,2942291,63
Plantae,6,2942058,45
Plantae,6,8260433,101
Plantae,6,2942090,4
Plantae,6,2942610,100
Plantae,6,2942762,32
Plantae,6,2942727,98
Plantae,6,2941939,100
Plantae,6,2942654,102
Plantae,6,3057960,100
Plantae,6,3058629,11
Plantae,6,3058185,100
Plantae,6,3058717,1
Plantae,6,3057656,9
Plantae,6,4024206,1
Plantae,6,5525050,36
Plantae,6,6021960,21
Plantae,6,5284237,95
Plantae,6,3034432,99
Plantae,6,4040546,105
Plantae,6,2874570,101
Plantae,6,8130737,5
Plantae,6,7443131,8
Plantae,6,6559985,37
Plantae,6,8344668,1
Plantae,6,3698309,28
Plantae,6,3189403,2
Plantae,6,2763941,94
Plantae,6,2764179,98
Plantae,6,2764202,97
Plantae,6,2764435,86
Plantae,6,8339120,2
Plantae,6,3146791,101
Plantae,6,3126384,6
Plantae,6,3146683,101
Plantae,6,3152092,99
Plantae,6,3152082,37
Plantae,6,3152084,56
Plantae,6,5341270,94
Plantae,6,5341290,72
Plantae,6,5304502,53
Plantae,6,2766278,97
Plantae,6,2766271,77
Plantae,6,3133938,101
Plantae,6,3133950,101
Plantae,6,3034871,101
Plantae,6,7846556,101
Plantae,6,7322062,44
Plantae,6,7322129,2
Plantae,6,7161076,56
Plantae,6,5531399,100
Plantae,6,5293281,21
Plantae,6,5293447,43
Plantae,6,5592750,1
Plantae,6,3098951,99
Plantae,6,7584507,100
Plantae,6,3025781,93
Plantae,6,3082562,101
Plantae,6,3115443,99
Plantae,6,3871487,17
Plantae,6,3054263,13
Plantae,6,3871686,44
Plantae,6,3871303,42
Plantae,6,3712064,93
Plantae,6,7330024,9
Plantae,6,3033937,94
Plantae,6,7596599,42
Plantae,6,4054691,52
Plantae,6,7130673,96
Plantae,6,3039164,22
Plantae,6,3039163,7
Plantae,6,2925396,101
Plantae,6,2874621,94
Plantae,6,3190164,57
Plantae,6,8077391,101
Plantae,6,6433679,31
Plantae,6,3190157,18
Plantae,6,3190172,95
Plantae,6,3060538,34
Plantae,6,5834596,99
Plantae,6,3190413,57
Plantae,6,2785455,42
Plantae,6,3184115,41
Plantae,6,6375061,13
Plantae,6,7277064,35
Plantae,6,7474713,13
Plantae,6,7278156,40
Plantae,6,7278221,100
Plantae,6,7277589,80
Plantae,6,7356039,7
Plantae,6,3054227,102
Plantae,6,6370562,97
Plantae,6,2925351,99
Plantae,6,3894771,6
Plantae,6,8014461,102
Plantae,6,8137825,4
Plantae,6,7308161,99
Plantae,6,2932942,23
Plantae,6,2932944,101
Plantae,6,3873929,59
Plantae,6,3046258,101
Plantae,6,3189939,99
Plantae,6,2727853,100
Plantae,6,2723579,89
Plantae,6,2724401,31
Plantae,6,2729549,3
Plantae,6,3083448,67
Plantae,6,2874484,101
Plantae,6,5414419,34
Plantae,6,5536282,101
Plantae,6,3094849,27
Plantae,6,3094841,59
Plantae,6,3094854,24
Plantae,6,3138327,99
Plantae,6,3034714,100
Plantae,6,7308640,94
Plantae,6,2738902,101
Plantae,6,2738914,101
Plantae,6,7763536,23
Plantae,6,7819400,5
Plantae,6,5357108,100
Plantae,6,5357158,88
Plantae,6,5357125,63
Plantae,6,3033999,101
Plantae,6,5333237,108
Plantae,6,2891930,98
Plantae,6,5333067,4
Plantae,6,3169830,100
Plantae,6,11038189,100
Plantae,6,7293851,9
Plantae,6,4054403,3
Plantae,6,5406697,101
Plantae,6,3793742,18
Plantae,6,3792919,1
Plantae,6,3169169,97
Plantae,6,7265565,48
Plantae,6,3085191,100
Plantae,6,7303643,5
Plantae,6,4159594,97
Plantae,6,7366997,101
Plantae,6,4160107,18
Plantae,6,3089561,99
Plantae,6,5595243,45
Plantae,6,3034128,100
Plantae,6,5391292,96
Plantae,6,2706433,5
Plantae,6,6033660,27
Plantae,6,3085440,98
Plantae,6,2651586,101
Plantae,6,2882398,98
Plantae,6,7155766,101
Plantae,6,7155753,96
Plantae,6,8429062,21
Plantae,6,3086518,96
Plantae,6,2928791,106
Plantae,6,4195539,99
Plantae,6,2947311,93
Plantae,6,5392243,100
Plantae,6,5392252,101
Plantae,6,2901250,4
Plantae,6,2901294,16
Plantae,6,7304259,1
Plantae,6,3033985,99
Plantae,6,3033991,101
Plantae,6,8028551,31
Plantae,6,4181342,12
Plantae,6,4179952,79
Plantae,6,9128079,1
Plantae,6,3033987,29
Plantae,6,3851819,52
Plantae,6,7322810,3
Plantae,6,2844811,2
Plantae,6,3112887,99
Plantae,6,3113222,24
Plantae,6,2705290,101
Plantae,6,2891640,99
Plantae,6,2891641,101
Plantae,6,2925403,83
Plantae,6,6413451,35
Plantae,6,3190474,96
Plantae,6,2650106,97
Plantae,6,3082142,6
Plantae,6,3171169,101
Plantae,6,3187799,91
Plantae,6,4195229,1
Plantae,6,7147896,68
Plantae,6,4927572,9
Plantae,6,4195050,96
Plantae,6,3062296,32
Plantae,6,2705757,49
Plantae,6,2705761,4
Plantae,6,2705762,17
Plantae,6,3173128,100
Plantae,6,3173126,83
Plantae,6,3173129,101
Plantae,6,3770457,21
Plantae,6,3082835,84
Plantae,6,3082727,95
Plantae,6,3867269,101
Plantae,6,3083504,101
Plantae,6,3882375,6
Plantae,6,2953747,53
Plantae,6,2953113,98
Plantae,6,10856210,34
Plantae,6,2947990,18
Plantae,6,2953715,100
Plantae,6,11375257,2
Plantae,6,2953871,98
Plantae,6,2953160,66
Plantae,6,2953031,101
Plantae,6,2953251,100
Plantae,6,5535537,23
Plantae,6,7873234,29
Plantae,6,5290201,99
Plantae,6,7340130,25
Plantae,6,2795522,99
Plantae,6,5673346,34
Plantae,6,3589072,6
Plantae,6,7313620,73
Plantae,6,3170241,100
Plantae,6,2768632,78
Plantae,6,2768772,98
Plantae,6,2768885,96
Plantae,6,2768686,101
Plantae,6,2769937,101
Plantae,6,4258922,23
Plantae,6,2650701,2
Plantae,6,4257138,6
Plantae,6,2650676,101
Plantae,6,2650655,101
Plantae,6,2650600,97
Plantae,6,2650614,103
Plantae,6,4256698,39
Plantae,6,4256516,42
Plantae,6,7310734,10
Plantae,6,7310817,51
Plantae,6,7758614,100
Plantae,6,5387639,102
Plantae,6,10738346,2
Plantae,6,7596861,1
Plantae,6,5345341,55
Plantae,6,5345082,67
Plantae,6,3775264,4
Plantae,6,3173254,100
Plantae,6,5574031,25
Plantae,6,5593924,98
Plantae,6,4016717,23
Plantae,6,3122433,87
Plantae,6,3033077,98
Plantae,6,7330924,92
Plantae,6,5557539,26
Plantae,6,7331082,99
Plantae,6,5558460,45
Plantae,6,7331031,102
Plantae,6,5558193,4
Plantae,6,7331183,9
Plantae,6,2736531,96
Plantae,6,2736565,12
Plantae,6,2733997,30
Plantae,6,2888485,98
Plantae,6,5549147,101
Plantae,6,2867193,3
Plantae,6,2867313,8
Plantae,6,3589079,23
Plantae,6,3588727,1
Plantae,6,10923972,5
Plantae,6,7313567,55
Plantae,6,3589461,41
Plantae,6,8207569,49
Plantae,6,5836315,9
Plantae,6,3154909,16
Plantae,6,3121319,101
Plantae,6,8373355,100
Plantae,6,3121446,6
Plantae,6,3120722,92
Plantae,6,8341657,3
Plantae,6,3121581,101
Plantae,6,3120972,98
Plantae,6,3121058,7
Plantae,6,3121137,35
Plantae,6,3121650,89
Plantae,6,3120713,88
Plantae,6,3120946,98
Plantae,6,2984573,104
Plantae,6,2984565,99
Plantae,6,2984566,27
Plantae,6,6026462,26
Plantae,6,8120502,32
Plantae,6,5537546,12
Plantae,6,6027415,1
Plantae,6,6026295,6
Plantae,6,3742081,1
Plantae,6,5274878,101
Plantae,6,7457890,2
Plantae,6,5371879,101
Plantae,6,5289910,50
Plantae,6,5383369,88
Plantae,6,5597304,45
Plantae,6,4159921,72
Plantae,6,5524063,5
Plantae,6,5353770,99
Plantae,6,7769165,41
Plantae,6,3036888,105
Plantae,6,3037015,96
Plantae,6,3036940,6
Plantae,6,3838835,1
Plantae,6,2684921,63
Plantae,6,3830318,1
Plantae,6,7353729,101
Plantae,6,2941309,55
Plantae,6,2941456,96
Plantae,6,5557606,14
Plantae,6,5414379,99
Plantae,6,7169429,80
Plantae,6,5558282,18
Plantae,6,5302311,19
Plantae,6,5302225,89
Plantae,6,5302164,103
Plantae,6,5302219,16
Plantae,6,5302216,9
Plantae,6,5302190,3
Plantae,6,5302199,14
Plantae,6,5301979,102
Plantae,6,5414411,48
Plantae,6,5414410,98
Plantae,6,5535557,2
Plantae,6,3084939,96
Plantae,6,3702567,6
Plantae,6,3702551,9
Plantae,6,5406789,101
Plantae,6,2948646,2
Plantae,6,2948605,101
Plantae,6,6109611,100
Plantae,6,5384364,98
Plantae,6,8911082,100
Plantae,6,5384401,99
Plantae,6,5384397,33
Plantae,6,5325855,101
Plantae,6,2685185,4
Plantae,6,2764969,100
Plantae,6,3188714,30
Plantae,6,3188716,44
Plantae,6,2759996,4
Plantae,6,2759871,25
Plantae,6,2871520,10
Plantae,6,2871533,101
Plantae,6,5401760,99
Plantae,6,5597755,59
Plantae,6,5597349,52
Plantae,6,2866378,4
Plantae,6,3002003,100
Plantae,6,2919748,100
Plantae,6,3190653,96
Plantae,6,3708775,75
Plantae,6,3133817,8
Plantae,6,3133830,95
Plantae,6,7307111,58
Plantae,6,7306109,47
Plantae,6,7326263,97
Plantae,6,7326260,1
Plantae,6,7326268,7
Plantae,6,3701897,79
Plantae,6,2973197,28
Plantae,6,10691906,51
Plantae,6,2972983,100
Plantae,6,2973038,9
Plantae,6,2973031,16
Plantae,6,2973167,50
Plantae,6,3055402,2
Plantae,6,3055347,31
Plantae,6,4930679,101
Plantae,6,2865100,101
Plantae,6,3169836,99
Plantae,6,3169838,68
Plantae,6,2856558,12
Plantae,6,2857697,100
Plantae,6,2856504,66
Plantae,6,2857449,100
Plantae,6,2856037,101
Plantae,6,2856681,105
Plantae,6,2855860,101
Plantae,6,9364157,58
Plantae,6,2876187,11
Plantae,6,5329978,10
Plantae,6,5329904,98
Plantae,6,2777724,91
Plantae,6,5302271,29
Plantae,6,2874569,100
Plantae,6,7393329,101
Plantae,6,2874508,101
Plantae,6,2948930,15
Plantae,6,5284275,22
Plantae,6,5284278,100
Plantae,6,2683955,6
Plantae,6,2853024,86
Plantae,6,2757544,17
Plantae,6,2757637,11
Plantae,6,2757624,99
Plantae,6,2757547,1
Plantae,6,2757545,35
Plantae,6,3610749,21
Plantae,6,2927548,77
Plantae,6,2927545,2
Plantae,6,2946183,7
Plantae,6,5303388,38
Plantae,6,8544796,65
Plantae,6,5303371,30
Plantae,6,5303311,23
Plantae,6,5529644,97
Plantae,6,3142265,24
Plantae,6,8303480,7
Plantae,6,5384314,72
Plantae,6,2683264,46
Plantae,6,2683234,6
Plantae,6,2683250,14
Plantae,6,2683217,98
Plantae,6,2683272,20
Plantae,6,2683286,10
Plantae,6,3830078,5
Plantae,6,3829915,2
Plantae,6,7708168,96
Plantae,6,5305656,37
Plantae,6,5305481,22
Plantae,6,5305706,14
Plantae,6,5305704,6
Plantae,6,5305513,27
Plantae,6,5305617,3
Plantae,6,4151099,30
Plantae,6,2705275,101
Plantae,6,2705267,9
Plantae,6,4139011,9
Plantae,6,4138713,5
Plantae,6,4137812,49
Plantae,6,7312698,4
Plantae,6,8154670,2
Plantae,6,3112361,71
Plantae,6,6109637,101
Plantae,6,4064484,10
Plantae,6,2966890,42
Plantae,6,2713638,103
Plantae,6,2713479,100
Plantae,6,2713778,1
Plantae,6,2716516,10
Plantae,6,2714796,98
Plantae,6,2713932,5
Plantae,6,2716226,100
Plantae,6,2714156,100
Plantae,6,2715828,100
Plantae,6,2715729,96
Plantae,6,8243603,101
Plantae,6,2715148,12
Plantae,6,2714056,98
Plantae,6,2713473,23
Plantae,6,2715089,37
Plantae,6,2714818,100
Plantae,6,2714571,3
Plantae,6,2930216,98
Plantae,6,2650828,44
Plantae,6,2650829,101
Plantae,6,2650827,100
Plantae,6,4038867,1
Plantae,6,4047324,8
Plantae,6,5308441,10
Plantae,6,5308446,27
Plantae,6,2871919,6
Plantae,6,7300685,5
Plantae,6,2949868,76
Plantae,6,2950187,5
Plantae,6,2949769,100
Plantae,6,2912772,43
Plantae,6,9705079,75
Plantae,6,7874167,10
Plantae,6,7173530,40
Plantae,6,2814845,3
Plantae,6,5334186,100
Plantae,6,5568446,99
Plantae,6,3083862,100
Plantae,6,7551162,101
Plantae,6,7275851,64
Plantae,6,7685885,34
Plantae,6,3823358,2
Plantae,6,7469977,3
Plantae,6,3750517,20
Plantae,6,5289612,91
Plantae,6,5289624,100
Plantae,6,2774721,8
Plantae,6,2774846,101
Plantae,6,2774395,3
Plantae,6,3661517,26
Plantae,6,3616952,11
Plantae,6,9627346,99
Plantae,6,4080035,6
Plantae,6,5349935,56
Plantae,6,2735935,97
Plantae,6,7627205,98
Plantae,6,3150814,75
Plantae,6,5401002,98
Plantae,6,2985082,100
Plantae,6,5290133,97
Plantae,6,2885828,101
Plantae,6,4934732,10
Plantae,6,2687843,14
Plantae,6,2706188,99
Plantae,6,5293599,1
Plantae,6,5387142,101
Plantae,6,2968466,2
Plantae,6,2968457,3
Plantae,6,2968703,10
Plantae,6,2940397,22
Plantae,6,2968408,14
Plantae,6,2903461,101
Plantae,6,7311442,72
Plantae,6,4261959,79
Plantae,6,7311236,10
Plantae,6,2874725,49
Plantae,6,2928755,98
Plantae,6,2928747,94
Plantae,6,2928751,101
Plantae,6,3034742,101
Plantae,6,7911152,100
Plantae,6,4204959,46
Plantae,6,4099305,53
Plantae,6,3180167,8
Plantae,6,3675567,90
Plantae,6,2956176,101
Plantae,6,3033833,101
Plantae,6,3923581,48
Plantae,6,5316701,35
Plantae,6,5402447,58
Plantae,6,8413198,96
Plantae,6,3125384,103
Plantae,6,5314663,4
Plantae,6,7300218,37
Plantae,6,2868332,1
Plantae,6,2868272,100
Plantae,6,5384031,99
Plantae,6,2653377,10
Plantae,6,7924597,96
Plantae,6,2687940,101
Plantae,6,2705362,15
Plantae,6,4147107,8
Plantae,6,2705394,13
Plantae,6,2705400,100
Plantae,6,3172936,101
Plantae,6,2815284,84
Plantae,6,3146717,101
Plantae,6,10855510,101
Plantae,6,2690666,23
Plantae,6,2691022,26
Plantae,6,2690404,2
Plantae,6,2690614,7
Plantae,6,2690608,79
Plantae,6,2690514,2
Plantae,6,2702527,94
Plantae,6,2730176,1
Plantae,6,3034425,94
Plantae,6,5349504,6
Plantae,6,5349620,49
Plantae,6,5349642,10
Plantae,6,5349581,101
Plantae,6,3685992,18
Plantae,6,2971186,5
Plantae,6,2781885,100
Plantae,6,2873939,49
Plantae,6,3091122,9
Plantae,6,3176197,89
Plantae,6,5418431,89
Plantae,6,3176897,51
Plantae,6,3176787,100
Plantae,6,3176649,94
Plantae,6,3176743,101
Plantae,6,3176719,90
Plantae,6,3177112,87
Plantae,6,3723584,25
Plantae,6,5416458,100
Plantae,6,5312136,30
Plantae,6,3831820,100
Plantae,6,7269372,99
Plantae,6,5594377,1
Plantae,6,5594382,112
Plantae,6,7265434,34
Plantae,6,3169137,100
Plantae,6,8394214,105
Plantae,6,5402943,101
Plantae,6,5403117,41
Plantae,6,5403095,2
Plantae,6,5402831,102
Plantae,6,3087725,101
Plantae,6,3142644,2
Plantae,6,3069535,31
Plantae,6,3065495,22
Plantae,6,3070597,77
Plantae,6,3065503,12
Plantae,6,3064495,100
Plantae,6,3064865,41
Plantae,6,3066964,11
Plantae,6,3068937,97
Plantae,6,3066321,95
Plantae,6,3063803,10
Plantae,6,3066965,101
Plantae,6,3067891,97
Plantae,6,3066465,101
Plantae,6,3066357,4
Plantae,6,3069353,89
Plantae,6,3066919,98
Plantae,6,3067098,27
Plantae,6,3591315,45
Plantae,6,7152601,59
Plantae,6,7152542,55
Plantae,6,2858034,14
Plantae,6,3709190,34
Plantae,6,9464189,102
Plantae,6,2928673,101
Plantae,6,3840363,57
Plantae,6,3702513,11
Plantae,6,3071702,97
Plantae,6,3071716,40
Plantae,6,4938052,10
Plantae,6,2889373,101
Plantae,6,7289420,25
Plantae,6,7863745,41
Plantae,6,8413821,4
Plantae,6,2984652,97
Plantae,6,4093859,1
Plantae,6,3993458,17
Plantae,6,7328504,9
Plantae,6,7328427,101
Plantae,6,4020282,14
Plantae,6,7831098,4
Plantae,6,7270134,33
Plantae,6,4934494,1
Plantae,6,5340379,99
Plantae,6,2890266,24
Plantae,6,2891583,100
Plantae,6,2891266,101
Plantae,6,5369685,99
Plantae,6,3141101,101
Plantae,6,2926557,101
Plantae,6,3084616,106
Plantae,6,7548362,64
Plantae,6,8082978,97
Plantae,6,2757900,1
Plantae,6,3080562,100
Plantae,6,2740024,101
Plantae,6,5390273,100
Plantae,6,5359660,101
Plantae,6,7732678,100
Plantae,6,8241662,36
Plantae,6,7861283,98
Plantae,6,5341168,22
Plantae,6,6410769,35
Plantae,6,3100918,100
Plantae,6,3101068,14
Plantae,6,7815591,101
Plantae,6,3131229,101
Plantae,6,5390831,11
Plantae,6,2653133,54
Plantae,6,3157333,6
Plantae,6,3157344,97
Plantae,6,5331162,98
Plantae,6,5331164,17
Plantae,6,5603911,39
Plantae,6,5331160,3
Plantae,6,5287564,101
Plantae,6,5359839,48
Plantae,6,5359831,6
Plantae,6,5359843,101
Plantae,6,5324319,1
Plantae,6,2765559,69
Plantae,6,5382823,101
Plantae,6,2684887,7
Plantae,6,3831801,35
Plantae,6,3029934,100
Plantae,6,3029817,98
Plantae,6,3172325,99
Plantae,6,2747084,101
Plantae,6,5300358,16
Plantae,6,2718992,48
Plantae,6,2769796,101
Plantae,6,2710209,74
Plantae,6,2984047,101
Plantae,6,2975667,101
Plantae,6,3132570,99
Plantae,6,2913548,100
Plantae,6,2914110,100
Plantae,6,3189571,36
Plantae,6,3189570,6
Plantae,6,3713469,47
Plantae,6,8096611,10
Plantae,6,5335125,100
Plantae,6,5334965,16
Plantae,6,5371724,7
Plantae,6,5361907,99
Plantae,6,5571773,40
Plantae,6,5361932,101
Plantae,6,5361919,101
Plantae,6,5361909,101
Plantae,6,5361914,56
Plantae,6,7835333,101
Plantae,6,5571945,99
Plantae,6,7262725,99
Plantae,6,5571361,11
Plantae,6,8007516,2
Plantae,6,7879404,102
Plantae,6,7467639,94
Plantae,6,7262544,100
Plantae,6,8037208,5
Plantae,6,5361930,98
Plantae,6,7673670,58
Plantae,6,5361904,100
Plantae,6,5361935,100
Plantae,6,5571130,2
Plantae,6,5571076,6
Plantae,6,7262595,99
Plantae,6,7262408,98
Plantae,6,5569748,25
Plantae,6,3767426,97
Plantae,6,3234563,92
Plantae,6,5571763,39
Plantae,6,8368771,7
Plantae,6,5571621,54
Plantae,6,2708266,7
Plantae,6,2708744,9
Plantae,6,2708808,101
Plantae,6,2709171,10
Plantae,6,2708425,2
Plantae,6,3152111,91
Plantae,6,5384950,101
Plantae,6,2702808,95
Plantae,6,2702822,16
Plantae,6,5523712,42
Plantae,6,7132425,97
Plantae,6,7293128,22
Plantae,6,2731882,100
Plantae,6,7426040,91
Plantae,6,5833757,3
Plantae,6,8368501,1
Plantae,6,7777372,19
Plantae,6,7300505,99
Plantae,6,2717712,36
Plantae,6,5395928,100
Plantae,6,5395925,96
Plantae,6,2705957,57
Plantae,6,2705953,101
Plantae,6,2749556,16
Plantae,6,8002762,2
Plantae,6,2927075,97
Plantae,6,7330991,83
Plantae,6,7799958,1
Plantae,6,7330952,31
Plantae,6,7330930,16
Plantae,6,7330920,43
Plantae,6,7462876,22
Plantae,6,7376217,100
Plantae,6,2901228,1
Plantae,6,3063650,4
Plantae,6,3170131,22
Plantae,6,2763038,12
Plantae,6,2976244,38
Plantae,6,2976236,101
Plantae,6,2961150,92
Plantae,6,2650858,101
Plantae,6,8582197,101
Plantae,6,7268813,76
Plantae,6,7317695,98
Plantae,6,2819021,72
Plantae,6,3790189,10
Plantae,6,4102897,10
Plantae,6,4097830,5
Plantae,6,4096937,1
Plantae,6,4096576,6
Plantae,6,4097195,2
Plantae,6,3582258,50
Plantae,6,7439694,69
Plantae,6,8110071,3
Plantae,6,2768088,3
Plantae,6,5303779,14
Plantae,6,2770795,11
Plantae,6,2770769,5
Plantae,6,5421144,101
Plantae,6,3172487,4
Plantae,6,2975585,29
Plantae,6,2984541,82
Plantae,6,5304576,8
Plantae,6,5304529,16
Plantae,6,5304612,2
Plantae,6,3190527,9
Plantae,6,3660297,1
Plantae,6,3191153,12
Plantae,6,3190722,101
Plantae,6,3190855,99
Plantae,6,7319844,102
Plantae,6,3989330,43
Plantae,6,5365717,101
Plantae,6,5356335,9
Plantae,6,2925655,101
Plantae,6,2970961,4
Plantae,6,8365251,100
Plantae,6,3085421,100
Plantae,6,3085420,101
Plantae,6,3085418,99
Plantae,6,6363496,101
Plantae,6,3603377,5
Plantae,6,2959543,6
Plantae,6,5415360,99
Plantae,6,5275373,100
Plantae,6,5579308,100
Plantae,6,2928667,96
Plantae,6,8682693,100
Plantae,6,3115588,99
Plantae,6,3115608,1
Plantae,6,3817784,1
Plantae,6,2869345,100
Plantae,6,5414989,101
Plantae,6,5414995,101
Plantae,6,5680887,5
Plantae,6,5383898,100
Plantae,6,5681168,1
Plantae,6,5681100,53
Plantae,6,3190008,101
Plantae,6,9070905,4
Plantae,6,2754476,83
Plantae,6,2755489,98
Plantae,6,2755618,84
Plantae,6,4937226,35
Plantae,6,2755195,10
Plantae,6,2755784,23
Plantae,6,2755706,15
Plantae,6,2754423,35
Plantae,6,2754651,5
Plantae,6,4069970,7
Plantae,6,3032960,13
Plantae,6,3032980,98
Plantae,6,7295796,16
Plantae,6,4070768,24
Plantae,6,5317107,24
Plantae,6,5316744,95
Plantae,6,5315454,28
Plantae,6,5315366,34
Plantae,6,5317521,9
Plantae,6,5316408,3
Plantae,6,5308651,15
Plantae,6,5315301,9
Plantae,6,5317287,5
Plantae,6,5316927,5
Plantae,6,5317489,28
Plantae,6,5315870,1
Plantae,6,5316317,4
Plantae,6,2703316,2
Plantae,6,4098506,4
Plantae,6,4098487,4
Plantae,6,2946831,38
Plantae,6,2946798,61
Plantae,6,3035134,100
Plantae,6,4001649,20
Plantae,6,2900952,103
Plantae,6,5350305,21
Plantae,6,5350336,101
Plantae,6,2942986,25
Plantae,6,10854344,15
Plantae,6,11370567,11
Plantae,6,10781752,86
Plantae,6,10775938,99
Plantae,6,10734509,26
Plantae,6,10690761,15
Plantae,6,2971248,3
Plantae,6,2971312,55
Plantae,6,2971272,28
Plantae,6,2971234,99
Plantae,6,11374082,94
Plantae,6,10833216,101
Plantae,6,10829464,24
Plantae,6,10875965,10
Plantae,6,3155130,100
Plantae,6,2653207,4
Plantae,6,3694784,12
Plantae,6,7150619,83
Plantae,6,3890741,17
Plantae,6,3084908,101
Plantae,6,8396756,56
Plantae,6,4028759,7
Plantae,6,2840807,96
Plantae,6,2840611,47
Plantae,6,7313778,92
Plantae,6,3152663,5
Plantae,6,3152666,40
Plantae,6,3152658,101
Plantae,6,3152661,101
Plantae,6,8028873,102
Plantae,6,3173137,79
Plantae,6,2891791,90
Plantae,6,4260812,14
Plantae,6,3152080,1
Plantae,6,4260147,7
Plantae,6,4259716,43
Plantae,6,4259769,16
Plantae,6,3986813,101
Plantae,6,3152195,97
Plantae,6,2894828,99
Plantae,6,3787288,2
Plantae,6,2874605,39
Plantae,6,3623176,18
Plantae,6,3791329,101
Plantae,6,5546922,102
Plantae,6,2925788,101
Plantae,6,4062306,22
Plantae,6,4001417,2
Plantae,6,2650123,15
Plantae,6,7326897,100
Plantae,6,2781074,101
Plantae,6,2781103,101
Plantae,6,8125676,100
Plantae,6,8297383,22
Plantae,6,5310564,71
Plantae,6,3685338,95
Plantae,6,5290179,96
Plantae,6,7424162,21
Plantae,6,3071171,93
Plantae,6,3152547,101
Plantae,6,7279059,3
Plantae,6,3152555,100
Plantae,6,3152559,100
Plantae,6,3152582,101
Plantae,6,9064581,100
Plantae,6,3941020,100
Plantae,6,3152583,101
Plantae,6,7115794,101
Plantae,6,2854416,99
Plantae,6,3168943,102
Plantae,6,3191302,101
Plantae,6,7317816,1
Plantae,6,3169748,101
Plantae,6,6135815,101
Plantae,6,3071623,45
Plantae,6,5669231,6
Plantae,6,2706056,101
Plantae,6,5564667,1
Plantae,6,5384931,101
Plantae,6,3039410,34
Plantae,6,8658195,96
Plantae,6,3573959,5
Plantae,6,3573230,6
Plantae,6,2984537,94
Plantae,6,2984535,100
Plantae,6,3991221,22
Plantae,6,3991114,47
Plantae,6,7448919,61
Plantae,6,7446415,3
Plantae,6,2688470,69
Plantae,6,7383551,13
Plantae,6,5380015,100
Plantae,6,2895700,26
Plantae,6,2985994,100
Plantae,6,5329570,69
Plantae,6,8418338,101
Plantae,6,3639560,102
Plantae,6,5329272,29
Plantae,6,3612749,31
Plantae,6,10334868,98
Plantae,6,2705781,93
Plantae,6,2860119,101
Plantae,6,2904440,26
Plantae,6,8265032,5
Plantae,6,8222617,1
Plantae,6,2928977,60
Plantae,6,3189479,99
Plantae,6,7948012,100
Plantae,6,7317960,102
Plantae,6,3115470,6
Plantae,6,3139958,37
Plantae,6,3139903,6
Plantae,6,3139895,55
Plantae,6,3139807,101
Plantae,6,3139818,3
Plantae,6,7326414,101
Plantae,6,2687885,101
Plantae,6,7300847,101
Plantae,6,4159442,2
Plantae,6,2829531,72
Plantae,6,2828859,37
Plantae,6,2829357,1
Plantae,6,2829840,20
Plantae,6,2705462,13
Plantae,6,2860677,101
Plantae,6,5361791,3
Plantae,6,7329731,95
Plantae,6,3190016,34
Plantae,6,3708966,5
Plantae,6,2758716,104
Plantae,6,7883492,98
Plantae,6,2758686,2
Plantae,6,2758665,19
Plantae,6,2758673,1
Plantae,6,2912262,57
Plantae,6,2916058,9
Plantae,6,2911970,97
Plantae,6,9264048,19
Plantae,6,2911992,97
Plantae,6,9411691,6
Plantae,6,2911955,7
Plantae,6,2912017,25
Plantae,6,9206251,101
Plantae,6,3119175,101
Plantae,6,7287475,101
Plantae,6,5547507,100
Plantae,6,8217389,14
Plantae,6,3711910,2
Plantae,6,5275022,21
Plantae,6,2709295,34
Plantae,6,2852790,43
Plantae,6,7306536,78
Plantae,6,2926815,98
Plantae,6,3889017,101
Plantae,6,7778424,92
Plantae,6,7315806,103
Plantae,6,5533851,1
Plantae,6,7315909,2
Plantae,6,7154501,101
Plantae,6,7315854,5
Plantae,6,2889756,1
Plantae,6,5549979,3
Plantae,6,7326434,16
Plantae,6,2891773,104
Plantae,6,4193478,71
Plantae,6,2971507,6
Plantae,6,2972082,99
Plantae,6,2971525,65
Plantae,6,2971499,33
Plantae,6,2971635,101
Plantae,6,2971774,101
Plantae,6,2972043,102
Plantae,6,2971584,35
Plantae,6,2972275,21
Plantae,6,2963211,89
Plantae,6,8661547,59
Plantae,6,3148340,100
Plantae,6,4933624,97
Plantae,6,2925303,93
Plantae,6,7300666,7
Plantae,6,2984469,39
Plantae,6,5330870,15
Plantae,6,5337099,87
Plantae,6,5337238,45
Plantae,6,5337147,1
Plantae,6,5336863,100
Plantae,6,5356514,98
Plantae,6,3144813,2
Plantae,6,3144718,64
Plantae,6,3034015,101
Plantae,6,5420912,100
Plantae,6,7300476,99
Plantae,6,4160376,18
Plantae,6,4160417,97
Plantae,6,4160336,94
Plantae,6,2702901,99
Plantae,6,3738444,65
Plantae,6,11208838,95
Plantae,6,11161239,7
Plantae,6,2867627,1
Plantae,6,3973001,60
Plantae,6,4924659,103
Plantae,6,6410563,101
Plantae,6,7263961,21
Plantae,6,10689300,74
Plantae,6,7264786,22
Plantae,6,7648181,6
Plantae,6,2650524,101
Plantae,6,4024491,45
Plantae,6,11131846,11
Plantae,6,2703873,78
Plantae,6,2970418,98
Plantae,6,5607947,101
Plantae,6,7307251,17
Plantae,6,7621903,19
Plantae,6,3152825,27
Plantae,6,3152873,38
Plantae,6,3685274,27
Plantae,6,3190002,101
Plantae,6,3033977,100
Plantae,6,7304140,99
Plantae,6,8956507,10
Plantae,6,4182444,18
Plantae,6,7304563,41
Plantae,6,5332934,77
Plantae,6,2733469,99
Plantae,6,2733400,4
Plantae,6,5409093,96
Plantae,6,5408737,100
Plantae,6,2969156,17
Plantae,6,5598598,100
Plantae,6,7272715,46
Plantae,6,5334240,90
Plantae,6,7272559,4
Plantae,6,4129475,99
Plantae,6,7290245,24
Plantae,6,3823889,1
Plantae,6,7322187,97
Plantae,6,8924323,98
Plantae,6,5420987,101
Plantae,6,8129014,32
Plantae,6,2874601,41
Plantae,6,2874599,18
Plantae,6,5421047,102
Plantae,6,6435171,99
Plantae,6,7299714,100
Plantae,6,7299573,103
Plantae,6,2928809,97
Plantae,6,3885429,40
Plantae,6,5395405,9
Plantae,6,3172294,100
Plantae,6,2753253,15
Plantae,6,2752997,45
Plantae,6,2753380,93
Plantae,6,5328736,104
Plantae,6,6033875,7
Plantae,6,5415005,40
Plantae,6,5563158,2
Plantae,6,5415004,20
Plantae,6,5563114,34
Plantae,6,5415001,83
Plantae,6,7685583,17
Plantae,6,8394552,4
Plantae,6,7304587,28
Plantae,6,7304569,100
Plantae,6,10975167,101
Plantae,6,3733807,100
Plantae,6,3733766,77
Plantae,6,3171892,97
Plantae,6,8125066,3
Plantae,6,7663721,2
Plantae,6,11067359,21
Plantae,6,11084629,4
Plantae,6,2650772,100
Plantae,6,7966726,100
Plantae,6,7326156,97
Plantae,6,2873861,101
Plantae,6,4143825,5
Plantae,6,5306140,99
Plantae,6,5322999,97
Plantae,6,5323250,66
Plantae,6,5306206,5
Plantae,6,9410332,23
Plantae,6,9294395,1
Plantae,6,3702542,101
Plantae,6,3802772,14
Plantae,6,2930364,6
Plantae,6,6385660,39
Plantae,6,8213721,48
Plantae,6,2688393,101
Plantae,6,2688424,92
Plantae,6,5326154,60
Plantae,6,7920353,96
Plantae,6,3744314,56
Plantae,6,3744838,97
Plantae,6,2650436,101
Plantae,6,7328514,100
Plantae,6,5354459,10
Plantae,6,4005921,33
Plantae,6,3169331,100
Plantae,6,4005565,16
Plantae,6,4005402,83
Plantae,6,4005004,44
Plantae,6,6365649,101
Plantae,6,3073960,3
Plantae,6,3074272,6
Plantae,6,3074251,98
Plantae,6,3074333,16
Plantae,6,3037404,2
Plantae,6,4177874,100
Plantae,6,7304278,11
Plantae,6,2883272,1
Plantae,6,7736989,26
Plantae,6,9477469,100
Plantae,6,3153695,3
Plantae,6,9605163,101
Plantae,6,3033905,88
Plantae,6,7828251,9
Plantae,6,3981498,48
Plantae,6,3981426,98
Plantae,6,2813396,104
Plantae,6,3745240,4
Plantae,6,5301451,26
Plantae,6,5301445,89
Plantae,6,6441622,16
Plantae,6,2985933,1
Plantae,6,2985930,98
Plantae,6,2985940,94
Plantae,6,3874179,30
Plantae,6,2685721,29
Plantae,6,2685711,2
Plantae,6,3172561,101
Plantae,6,5310858,5
Plantae,6,3152102,99
Plantae,6,3743505,22
Plantae,6,2901155,11
Plantae,6,5383936,85
Plantae,6,5421180,99
Plantae,6,3169625,100
Plantae,6,5536025,33
Plantae,6,5352522,102
Plantae,6,5352523,100
Plantae,6,7279431,26
Plantae,6,2718767,99
Plantae,6,3583416,101
Plantae,6,9452699,100
Plantae,6,2714915,52
Plantae,6,3190508,96
Plantae,6,2952236,101
Plantae,6,3140510,97
Plantae,6,7403263,101
Plantae,6,3140490,101
Plantae,6,3134219,98
Plantae,6,2874672,101
Plantae,6,3988950,2
Plantae,6,3188725,88
Plantae,6,3188724,101
Plantae,6,3988234,4
Plantae,6,3098694,83
Plantae,6,3661151,77
Plantae,6,2928631,101
Plantae,6,2928525,101
Plantae,6,2928551,100
Plantae,6,2928531,97
Plantae,6,2928699,36
Plantae,6,2928545,37
Plantae,6,8227635,40
Plantae,6,2928565,100
Plantae,6,2928524,101
Plantae,6,2928562,101
Plantae,6,2928547,100
Plantae,6,5294824,23
Plantae,6,3085038,98
Plantae,6,5297939,99
Plantae,6,5380959,1
Plantae,6,4143195,12
Plantae,6,7308656,6
Plantae,6,8060712,3
Plantae,6,8151301,97
Plantae,6,3115579,71
Plantae,6,3100745,58
Plantae,6,2905493,101
Plantae,6,2905600,98
Plantae,6,2905255,8
Plantae,6,3682778,2
Plantae,6,3682067,93
Plantae,6,7326085,33
Plantae,6,8392779,9
Plantae,6,3172267,51
Plantae,6,3683063,96
Plantae,6,7587215,101
Plantae,6,3682207,1
Plantae,6,3072953,100
Plantae,6,3072900,101
Plantae,6,3073017,100
Plantae,6,3072985,100
Plantae,6,3073016,101
Plantae,6,3054368,100
Plantae,6,2701311,101
Plantae,6,2701743,63
Plantae,6,2684363,56
Plantae,6,2684690,60
Plantae,6,3173105,67
Plantae,6,7447231,65
Plantae,6,7840408,18
Plantae,6,5378775,12
Plantae,6,5378750,10
Plantae,6,8004482,98
Plantae,6,5378721,1
Plantae,6,5378650,95
Plantae,6,5378605,96
Plantae,6,5378500,53
Plantae,6,5421429,104
Plantae,6,3001244,101
Plantae,6,3152377,101
Plantae,6,3152775,97
Plantae,6,3152776,98
Plantae,6,3060998,101
Plantae,6,2885079,20
Plantae,6,2885150,9
Plantae,6,2885158,91
Plantae,6,3190638,101
Plantae,6,3596820,3
Plantae,6,2761352,98
Plantae,6,5383240,34
Plantae,6,2715877,7
Plantae,6,2714453,106
Plantae,6,7298701,3
Plantae,6,7653972,78
Plantae,6,5274875,93
Plantae,6,3172618,100
Plantae,6,8370958,101
Plantae,6,3171304,97
Plantae,6,2965531,100
Plantae,6,9151957,96
Plantae,6,8618436,1
Plantae,6,5416091,11
Plantae,6,5415976,78
Plantae,6,5415885,59
Plantae,6,5415832,65
Plantae,6,5380873,99
Plantae,6,3662338,2
Plantae,6,3188511,100
Plantae,6,3861607,100
Plantae,6,3870782,10
Plantae,6,8365307,5
Plantae,6,5355731,100
Plantae,6,5355677,56
Plantae,6,7629955,80
Plantae,6,2969284,101
Plantae,6,2883768,101
Plantae,6,3086240,98
Plantae,6,2706022,89
Plantae,6,2706026,94
Plantae,6,2900469,2
Plantae,6,7289342,5
Plantae,6,5407003,1
Plantae,6,9381433,49
Plantae,6,3084611,100
Plantae,6,2874580,95
Plantae,6,2874581,101
Plantae,6,3747279,99
Plantae,6,5339879,101
Plantae,6,7976478,101
Plantae,6,7533157,6
Plantae,6,3054181,101
Plantae,6,5361889,100
Plantae,6,7262379,7
Plantae,6,5361888,101
Plantae,6,3905218,1
Plantae,6,2926630,98
Plantae,6,8356260,41
Plantae,6,2951381,101
Plantae,6,2951365,97
Plantae,6,2951499,97
Plantae,6,2951358,2
Plantae,6,2951398,98
Plantae,6,8364646,89
Plantae,6,3152036,100
Plantae,6,2764625,55
Plantae,6,7304495,4
Plantae,6,3190712,109
Plantae,6,5353534,51
Plantae,6,5421126,96
Plantae,6,2650930,101
Plantae,6,3169756,101
Plantae,6,2836743,71
Plantae,6,2836663,23
Plantae,6,2836735,5
Plantae,6,2705687,63
Plantae,6,2928775,101
Plantae,6,2928774,98
Plantae,6,9444220,51
Plantae,6,4178276,3
Plantae,6,3683008,86
Plantae,6,7326947,93
Plantae,6,2882422,100
Plantae,6,5592249,100
Plantae,6,5341503,93
Plantae,6,2738422,95
Plantae,6,5312847,4
Plantae,6,2927097,97
Plantae,6,2927096,99
Plantae,6,3898584,2
Plantae,6,2927094,80
Plantae,6,2927100,100
Plantae,6,3617566,36
Plantae,6,5371886,100
Plantae,6,3188875,100
Plantae,6,3686148,32
Plantae,6,5415040,101
Plantae,6,2732290,11
Plantae,6,5566677,8
Plantae,6,5341747,98
Plantae,6,5384142,96
Plantae,6,7321401,86
Plantae,6,2650129,73
Plantae,6,2650137,12
Plantae,6,2774251,103
Plantae,6,2774158,91
Plantae,6,2764792,21
Plantae,6,2764680,101
Plantae,6,2764739,98
Plantae,6,5421333,101
Plantae,6,8190743,100
Plantae,6,2762680,101
Plantae,6,2762920,69
Plantae,6,2762752,89
Plantae,6,2762907,2
Plantae,6,2892654,2
Plantae,6,2892634,101
Plantae,6,2892470,54
Plantae,6,3745012,9
Plantae,6,5361760,99
Plantae,6,5406817,40
Plantae,6,2902953,15
Plantae,6,3719723,99
Plantae,6,7326127,1
Plantae,6,2687779,95
Plantae,6,2687771,12
Plantae,6,4100198,2
Plantae,6,2858963,101
Plantae,6,3836590,22
Plantae,6,5339133,100
Plantae,6,5415356,101
Plantae,6,2882449,100
Plantae,6,3623479,55
Plantae,6,2896888,92
Plantae,6,7304510,47
Plantae,6,3188512,99
Plantae,6,5914287,101
Plantae,6,2971041,97
Plantae,6,7269635,100
Plantae,6,7707713,45
Plantae,6,3152125,101
Plantae,6,3867900,44
Plantae,6,3865790,3
Plantae,6,2927208,99
Plantae,6,2927192,100
Plantae,6,2927198,100
Plantae,6,8707933,96
Plantae,6,8974899,31
Plantae,6,2927175,101
Plantae,6,3062960,48
Plantae,6,9590157,2
Plantae,6,5341744,101
Plantae,6,7324214,8
Plantae,6,9636531,101
Plantae,6,9452352,100
Plantae,6,9619573,43
Plantae,6,3881888,32
Plantae,6,7330039,82
Plantae,6,4259928,99
Plantae,6,5396042,47
Plantae,6,7265907,101
Plantae,6,2650730,102
Plantae,6,2650725,100
Plantae,6,8406468,98
Plantae,6,2650536,99
Plantae,6,3884817,1
Plantae,6,7348453,1
Plantae,6,3987892,101
Plantae,6,3153099,66
Plantae,6,3152997,102
Plantae,6,5398634,2
Plantae,6,5340994,100
Plantae,6,5340801,4
Plantae,6,7300629,1
Plantae,6,7300607,4
Plantae,6,2954036,11
Plantae,6,5355540,23
Plantae,6,5355447,2
Plantae,6,7414934,58
Plantae,6,3891796,62
Plantae,6,7308026,97
Plantae,6,2703459,72
Plantae,6,3866460,51
Plantae,6,3865497,5
Plantae,6,3172278,100
Plantae,6,7319895,99
Plantae,6,3645928,94
Plantae,6,3645975,48
Plantae,6,5329515,64
Plantae,6,8211958,100
Plantae,6,8427624,101
Plantae,6,2891707,101
Plantae,6,3188629,29
Plantae,6,2974683,53
Plantae,6,2909527,101
Plantae,6,7316516,100
Plantae,6,3083486,86
Plantae,6,7155259,9
Plantae,6,5603062,33
Plantae,6,5372282,7
Plantae,6,5327262,13
Plantae,6,5327293,96
Plantae,6,2705141,63
Plantae,6,2705090,101
Plantae,6,4132778,7
Plantae,6,2705093,87
Plantae,6,4125606,67
Plantae,6,2888443,101
Plantae,6,2888439,97
Plantae,6,2833897,12
Plantae,6,2825331,6
Plantae,6,5535809,29
Plantae,6,7307593,69
Plantae,6,5295878,29
Plantae,6,5295929,100
Plantae,6,5357217,101
Plantae,6,2981777,100
Plantae,6,7317262,102
Plantae,6,3086784,101
Plantae,6,7293862,4
Plantae,6,3039209,95
Plantae,6,2705610,101
Plantae,6,2705656,94
Plantae,6,2705565,99
Plantae,6,2705622,101
Plantae,6,2874199,101
Plantae,6,2874190,101
Plantae,6,2874211,101
Plantae,6,2874210,101
Plantae,6,2874183,101
Plantae,6,6058838,35
Plantae,6,3727077,14
Plantae,6,2924656,100
Plantae,6,2924801,30
Plantae,6,2819176,9
Plantae,6,3069168,99
Plantae,6,9609002,98
Plantae,6,2774071,6
Plantae,6,4100721,101
Plantae,6,7916114,6
Plantae,6,7740279,84
Plantae,6,8110229,2
Plantae,6,2952775,91
Plantae,6,3188706,90
Plantae,6,5671747,101
Plantae,6,5828197,26
Plantae,6,3146542,43
Plantae,6,3152140,9
Plantae,6,3580320,24
Plantae,6,7796168,9
Plantae,6,4256028,14
Plantae,6,2985709,100
Plantae,6,3086371,100
Plantae,6,3086412,99
Plantae,6,3086448,99
Plantae,6,3829373,101
Plantae,6,5341394,98
Plantae,6,2817539,40
Plantae,6,2817570,9
Plantae,6,5575270,95
Plantae,6,3034046,100
Plantae,6,2928859,101
Plantae,6,2925536,101
Plantae,6,7828157,101
Plantae,6,3093337,95
Plantae,6,5333350,29
Plantae,6,7300516,102
Plantae,6,5670477,100
Plantae,6,5361841,101
Plantae,6,5361830,108
Plantae,6,7300944,99
Plantae,6,8592945,100
Plantae,6,5285244,3
Plantae,6,5285824,28
Plantae,6,5285215,14
Plantae,6,5285119,31
Plantae,6,4183601,100
Plantae,6,4187904,95
Plantae,6,4191172,100
Plantae,6,3086338,3
Plantae,6,3086357,87
Plantae,6,3086342,6
Plantae,6,3086260,98
Plantae,6,7321836,1
Plantae,6,2870583,101
Plantae,6,5347846,100
Plantae,6,7303830,4
Plantae,6,8677924,100
Plantae,6,2962831,101
Plantae,6,5334135,99
Plantae,6,7303104,101
Plantae,6,9118978,99
Plantae,6,3189767,101
Plantae,6,7148630,88
Plantae,6,4024927,22
Plantae,6,3164340,103
Plantae,6,5341313,103
Plantae,6,5341492,99
Plantae,6,3792354,8
Plantae,6,3132728,101
Plantae,6,3132668,22
Plantae,6,3082286,24
Plantae,6,3082282,99
Plantae,6,3169673,101
Plantae,6,3169677,98
Plantae,6,3169674,101
Plantae,6,5285930,102
Plantae,6,5286088,1
Plantae,6,8336561,1
Plantae,6,4105598,94
Plantae,6,4105523,17
Plantae,6,7308947,16
Plantae,6,3899613,11
Plantae,6,7308820,7
Plantae,6,4013131,22
Plantae,6,5303492,100
Plantae,6,7891136,10
Plantae,6,3156422,86
Plantae,6,3156325,7
Plantae,6,3085781,47
Plantae,6,3085381,100
Plantae,6,7293502,15
Plantae,6,7711084,10
Plantae,6,7293419,6
Plantae,6,3191373,101
Plantae,6,4051511,82
Plantae,6,4049324,2
Plantae,6,7293626,99
Plantae,6,4050793,31
Plantae,6,2770124,9
Plantae,6,2770022,100
Plantae,6,2770228,101
Plantae,6,4034001,100
Plantae,6,7291589,51
Plantae,6,6391007,101
Plantae,6,2889304,99
Plantae,6,6391450,102
Plantae,6,2889262,92
Plantae,6,6391150,101
Plantae,6,7291547,1
Plantae,6,8879994,8
Plantae,6,2889229,95
Plantae,6,4033648,101
Plantae,6,6391194,99
Plantae,6,5334440,99
Plantae,6,4033482,21
Plantae,6,4033392,27
Plantae,6,7291203,102
Plantae,6,7537964,97
Plantae,6,4034380,80
Plantae,6,7291143,98
Plantae,6,3035891,3
Plantae,6,3035652,30
Plantae,6,3035681,22
Plantae,6,3035778,19
Plantae,6,4041108,23
Plantae,6,7319737,89
Plantae,6,4039606,3
Plantae,6,4046493,36
Plantae,6,2965911,6
Plantae,6,5829094,10
Plantae,6,3084700,101
Plantae,6,3084719,100
Plantae,6,3084704,101
Plantae,6,3084699,89
Plantae,6,5301162,100
Plantae,6,7289668,2
Plantae,6,5301141,99
Plantae,6,8228815,5
Plantae,6,5330311,98
Plantae,6,5330343,1
Plantae,6,5330394,44
Plantae,6,2884162,93
Plantae,6,7300542,102
Plantae,6,2984383,96
Plantae,6,5408864,3
Plantae,6,5409107,99
Plantae,6,7713954,12
Plantae,6,3896962,1
Plantae,6,3896998,101
Plantae,6,7657266,3
Plantae,6,2925346,7
Plantae,6,5641841,5
Plantae,6,5341297,101
Plantae,6,7818643,101
Plantae,6,3021409,9
Plantae,6,3021046,32
Plantae,6,8149923,94
Plantae,6,3022290,99
Plantae,6,3021120,4
Plantae,6,3772966,11
Plantae,6,7521283,101
Plantae,6,5420641,101
Plantae,6,5420380,101
Plantae,6,2688176,101
Plantae,6,2944683,27
Plantae,6,2920037,98
Plantae,6,2923582,101
Plantae,6,5275012,101
Plantae,6,5275396,101
Plantae,6,7310193,20
Plantae,6,5275404,100
Plantae,6,5614040,6
Plantae,6,3914366,101
Plantae,6,5614469,2
Plantae,6,5275415,99
Plantae,6,5613834,100
Plantae,6,5613847,17
Plantae,6,5275398,100
Plantae,6,7804678,6
Plantae,6,5349242,69
Plantae,6,5349297,3
Plantae,6,3054377,47
Plantae,6,4205741,1
Plantae,6,5392205,83
Plantae,6,3669210,19
Plantae,6,5835447,16
Plantae,6,8186593,5
Plantae,6,2977636,97
Plantae,6,2977687,95
Plantae,6,5420901,101
Plantae,6,2984241,35
Plantae,6,2730407,96
Plantae,6,2730818,31
Plantae,6,3118284,8
Plantae,6,2888269,99
Plantae,6,3172569,101
Plantae,6,5648124,31
Plantae,6,7290072,98
Plantae,6,5647926,7
Plantae,6,5647918,103
Plantae,6,5647804,71
Plantae,6,5363119,101
Plantae,6,5362639,10
Plantae,6,5362786,26
Plantae,6,5311077,4
Plantae,6,2928598,98
Plantae,6,2928534,101
Plantae,6,2928576,101
Plantae,6,5350466,100
Plantae,6,5350438,36
Plantae,6,5350452,101
Plantae,6,8198582,97
Plantae,6,3190154,101
Plantae,6,2765625,94
Plantae,6,5293119,101
Plantae,6,5293182,6
Plantae,6,5293121,10
Plantae,6,3000384,62
Plantae,6,5290149,101
Plantae,6,5290154,87
Plantae,6,2925445,101
Plantae,6,5302787,6
Plantae,6,5341112,100
Plantae,6,5381567,102
Plantae,6,5382589,98
Plantae,6,5381660,99
Plantae,6,5381279,55
Plantae,6,5381514,12
Plantae,6,5382478,101
Plantae,6,5382780,101
Plantae,6,5382061,47
Plantae,6,2948557,1
Plantae,6,2948577,4
Plantae,6,2948568,97
Plantae,6,5677245,30
Plantae,6,5290171,81
Plantae,6,5290168,61
Plantae,6,7795317,4
Plantae,6,2650532,100
Plantae,6,3797084,101
Plantae,6,5341792,97
Plantae,6,5341784,99
Plantae,6,2946860,1
Plantae,6,3084022,100
Plantae,6,3084015,100
Plantae,6,3190647,74
Plantae,6,3190660,11
Plantae,6,2877959,101
Plantae,6,2876873,100
Plantae,6,2879787,101
Plantae,6,4092370,13
Plantae,6,4092178,101
Plantae,6,2919363,19
Plantae,6,2910886,98
Plantae,6,2891981,21
Plantae,6,7276807,101
Plantae,6,7823272,101
Plantae,6,3033374,100
Plantae,6,7678610,98
Plantae,6,3618324,101
Plantae,6,3616228,36
Plantae,6,3169787,59
Plantae,6,3616339,12
Plantae,6,3169782,95
Plantae,6,3169770,32
Plantae,6,7516558,64
Plantae,6,2772865,14
Plantae,6,7265761,29
Plantae,6,2731082,68
Plantae,6,2871956,10
Plantae,6,2786221,3
Plantae,6,2889173,101
Plantae,6,3567756,3
Plantae,6,7273631,12
Plantae,6,3039481,8
Plantae,6,2736747,101
Plantae,6,5329707,6
Plantae,6,5826049,105
Plantae,6,5329733,2
Plantae,6,5371542,99
Plantae,6,2888864,11
Plantae,6,7263230,99
Plantae,6,3086526,107
Plantae,6,3185980,11
Plantae,6,7327627,101
Plantae,6,7327638,1
Plantae,6,4170281,4
Plantae,6,7328295,10
Plantae,6,4169836,5
Plantae,6,7329102,102
Plantae,6,3179997,101
Plantae,6,4195070,1
Plantae,6,3190553,99
Plantae,6,5350585,96
Plantae,6,5350625,100
Plantae,6,3114400,15
Plantae,6,2720668,6
Plantae,6,5315188,71
Plantae,6,6365525,1
Plantae,6,5380041,100
Plantae,6,2818868,11
Plantae,6,3053336,48
Plantae,6,3053159,18
Plantae,6,3053472,100
Plantae,6,7701037,98
Plantae,6,3005039,104
Plantae,6,3002751,101
Plantae,6,3003244,101
Plantae,6,3188674,4
Plantae,6,7122825,94
Plantae,6,2704075,101
Plantae,6,4067141,9
Plantae,6,3686955,27
Plantae,6,7780480,4
Plantae,6,2892192,100
Plantae,6,2999072,7
Plantae,6,8108495,100
Plantae,6,2990916,1
Plantae,6,2989835,15
Plantae,6,2989183,96
Plantae,6,2991314,101
Plantae,6,2991373,98
Plantae,6,8234521,100
Plantae,6,5573538,101
Plantae,6,7575722,101
Plantae,6,5415418,100
Plantae,6,2888995,99
Plantae,6,2888951,101
Plantae,6,8195144,97
Plantae,6,2889038,88
Plantae,6,7291214,102
Plantae,6,2888980,99
Plantae,6,7291884,11
Plantae,6,5414601,94
Plantae,6,3190382,101
Plantae,6,2703626,99
Plantae,6,2703912,101
Plantae,6,2703935,71
Plantae,6,3039516,96
Plantae,6,7952995,101
Plantae,6,5329055,46
Plantae,6,5328972,101
Plantae,6,5414293,53
Plantae,6,5372639,91
Plantae,6,5582578,4
Plantae,6,5421447,13
Plantae,6,7130426,24
Plantae,6,9278365,101
Plantae,6,2927064,99
Plantae,6,3891879,100
Plantae,6,3888263,2
Plantae,6,5274858,98
Plantae,6,2972960,101
Plantae,6,3856236,99
Plantae,6,6369819,97
Plantae,6,3850843,26
Plantae,6,3639353,61
Plantae,6,6027090,5
Plantae,6,2889785,101
Plantae,6,3029627,101
Plantae,6,8017915,100
Plantae,6,3054385,98
Plantae,6,3054399,101
Plantae,6,3085360,101
Plantae,6,3638241,28
Plantae,6,5359533,8
Plantae,6,9671576,9
Plantae,6,5359538,18
Plantae,6,7339073,100
Plantae,6,3597414,1
Plantae,6,4178417,12
Plantae,6,7270803,17
Plantae,6,7270795,99
Plantae,6,9197670,102
Plantae,6,3032762,101
Plantae,6,5546217,3
Plantae,6,2873712,1
Plantae,6,2710683,4
Plantae,6,7953794,87
Plantae,6,2710499,3
Plantae,6,2710716,21
Plantae,6,5827389,101
Plantae,6,2710575,21
Plantae,6,2720239,86
Plantae,6,2712752,18
Plantae,6,2712534,75
Plantae,6,2712569,3
Plantae,6,5549816,9
Plantae,6,3074608,26
Plantae,6,7312404,101
Plantae,6,2874612,101
Plantae,6,5361983,9
Plantae,6,5362004,99
Plantae,6,3710063,6
Plantae,6,3710030,100
Plantae,6,7329850,96
Plantae,6,5836557,23
Plantae,6,7329855,4
Plantae,6,4940372,74
Plantae,6,5836522,99
Plantae,6,7822515,12
Plantae,6,7456426,1
Plantae,6,4940390,95
Plantae,6,2688211,106
Plantae,6,8688934,93
Plantae,6,5392375,7
Plantae,6,5405661,12
Plantae,6,3107839,100
Plantae,6,7985572,99
Plantae,6,2956947,104
Plantae,6,2958032,14
Plantae,6,2958076,101
Plantae,6,2957241,30
Plantae,6,2958100,100
Plantae,6,2957408,97
Plantae,6,2957966,98
Plantae,6,2956905,100
Plantae,6,2957379,102
Plantae,6,2957247,39
Plantae,6,2958052,94
Plantae,6,2957728,71
Plantae,6,3172622,104
Plantae,6,2970721,68
Plantae,6,7645889,93
Plantae,6,2970648,65
Plantae,6,3084883,101
Plantae,6,5289663,37
Plantae,6,5289698,101
Plantae,6,2702958,99
Plantae,6,2929691,74
Plantae,6,2929848,45
Plantae,6,2930439,99
Plantae,6,2930569,89
Plantae,6,2930617,101
Plantae,6,2931104,95
Plantae,6,2930222,93
Plantae,6,2930705,2
Plantae,6,2929920,58
Plantae,6,2932389,126
Plantae,6,2930262,95
Plantae,6,2931914,101
Plantae,6,2930210,99
Plantae,6,5388989,101
Plantae,6,6446462,101
Plantae,6,3105813,95
Plantae,6,3105782,101
Plantae,6,8228544,101
Plantae,6,3105682,18
Plantae,6,3858329,1
Plantae,6,5406998,100
Plantae,6,5635606,85
Plantae,6,5635568,14
Plantae,6,3731827,10
Plantae,6,2959073,47
Plantae,6,2958970,100
Plantae,6,2705181,100
Plantae,6,2705189,24
Plantae,6,2702424,26
Plantae,6,3172574,86
Plantae,6,2816456,99
Plantae,6,2816418,78
Plantae,6,2977014,24
Plantae,6,5386720,100
Plantae,6,5386764,9
Plantae,6,5386757,26
Plantae,6,3083647,101
Plantae,6,4153053,90
Plantae,6,8170635,97
Plantae,6,2805433,99
Plantae,6,4097481,100
Plantae,6,3661030,56
Plantae,6,2704757,94
Plantae,6,7729020,11
Plantae,6,8302135,42
Plantae,6,3094648,10
Plantae,6,5289679,98
Plantae,6,5289684,101
Plantae,6,3933670,96
Plantae,6,5406739,9
Plantae,6,5406755,101
Plantae,6,5406747,1
Plantae,6,5617952,3
Plantae,6,5406735,100
Plantae,6,3125899,13
Plantae,6,3125901,100
Plantae,6,6063463,21
Plantae,6,3145214,101
Plantae,6,3047621,101
Plantae,6,7740617,101
Plantae,6,5651170,5
Plantae,6,3145311,18
Plantae,6,5295393,10
Plantae,6,5295278,1
Plantae,6,5295415,101
Plantae,6,5295395,8
Plantae,6,5295472,100
Plantae,6,5295506,21
Plantae,6,5295425,41
Plantae,6,5295221,22
Plantae,6,5295689,102
Plantae,6,5351145,1
Plantae,6,5351153,16
Plantae,6,2929362,100
Plantae,6,2932737,103
Plantae,6,2930006,101
Plantae,6,2931461,100
Plantae,6,3158672,101
Plantae,6,2650747,100
Plantae,6,2925463,99
Plantae,6,7303923,5
Plantae,6,4090155,3
Plantae,6,4079570,18
Plantae,6,5384606,100
Plantae,6,7268161,101
Plantae,6,2863358,101
Plantae,6,4079023,76
Plantae,6,5592644,102
Plantae,6,7268792,100
Plantae,6,5592802,27
Plantae,6,5592737,7
Plantae,6,7161901,9
Plantae,6,5406675,83
Plantae,6,6029583,98
Plantae,6,7797610,101
Plantae,6,7298473,27
Plantae,6,3125557,6
Plantae,6,8385615,19
Plantae,6,2963569,95
Plantae,6,3000406,98
Plantae,6,10242935,35
Plantae,6,3767205,3
Plantae,6,3572291,1
Plantae,6,2765086,10
Plantae,6,8068041,101
Plantae,6,7567945,99
Plantae,6,8685745,15
Plantae,6,3169609,3
Plantae,6,3144503,10
Plantae,6,5645091,13
Plantae,6,5414399,48
Plantae,6,5645841,15
Plantae,6,3083541,101
Plantae,6,3054898,5
Plantae,6,5596405,1
Plantae,6,7318843,20
Plantae,6,7318817,100
Plantae,6,7318819,101
Plantae,6,7318867,101
Plantae,6,7318796,9
Plantae,6,7157705,97
Plantae,6,7902154,6
Plantae,6,7318913,100
Plantae,6,7558421,101
Plantae,6,5404991,101
Plantae,6,5402653,10
Plantae,6,3183002,8
Plantae,6,2712931,83
Plantae,6,3879433,2
Plantae,6,3171787,96
Plantae,6,7309014,26
Plantae,6,5609933,99
Plantae,6,7308714,100
Plantae,6,3846350,42
Plantae,6,3591410,96
Plantae,6,7493943,74
Plantae,6,3660419,100
Plantae,6,7696841,100
Plantae,6,2867982,2
Plantae,6,8637348,11
Plantae,6,3189945,89
Plantae,6,5383983,17
Plantae,6,3182771,36
Plantae,6,3183840,101
Plantae,6,3182536,11
Plantae,6,3183534,101
Plantae,6,7370452,39
Plantae,6,3184509,98
Plantae,6,3182288,22
Plantae,6,3183180,98
Plantae,6,3182824,44
Plantae,6,8172343,2
Plantae,6,2755905,59
Plantae,6,2755852,92
Plantae,6,2755866,101
Plantae,6,2755891,42
Plantae,6,2755849,2
Plantae,6,7816203,2
Plantae,6,2950828,83
Plantae,6,3088488,99
Plantae,6,3084672,101
Plantae,6,3084670,101
Plantae,6,2975768,100
Plantae,6,2874696,96
Plantae,6,5393992,3
Plantae,6,5394163,89
Plantae,6,2896248,1
Plantae,6,4001208,12
Plantae,6,4001492,4
Plantae,6,7287927,5
Plantae,6,2684191,101
Plantae,6,5284540,9
Plantae,6,3172492,101
Plantae,6,5654301,77
Plantae,6,7724229,19
Plantae,6,6055063,90
Plantae,6,7347153,78
Plantae,6,8168998,48
Plantae,6,2925649,95
Plantae,6,3570803,13
Plantae,6,5342186,10
Plantae,6,5342239,102
Plantae,6,5342323,20
Plantae,6,5342176,84
Plantae,6,8777864,18
Plantae,6,3189390,59
Plantae,6,3189394,100
Plantae,6,3189388,33
Plantae,6,3189391,1
Plantae,6,3591610,104
Plantae,6,3189627,98
Plantae,6,5680962,63
Plantae,6,5681347,99
Plantae,6,5594365,14
Plantae,6,4205817,29
Plantae,6,3035275,100
Plantae,6,7293693,99
Plantae,6,5659275,2
Plantae,6,7307951,21
Plantae,6,7796912,3
Plantae,6,3830295,11
Plantae,6,5833715,3
Plantae,6,5396557,98
Plantae,6,10789822,101
Plantae,6,7271504,97
Plantae,6,7271494,4
Plantae,6,3172204,100
Plantae,6,3725985,44
Plantae,6,7331731,100
Plantae,6,3725668,14
Plantae,6,3724873,105
Plantae,6,3034820,101
Plantae,6,4062031,41
Plantae,6,3190624,101
Plantae,6,3581786,30
Plantae,6,3801464,79
Plantae,6,5525681,2
Plantae,6,10787822,33
Plantae,6,10947397,25
Plantae,6,8315348,100
Plantae,6,5289461,101
Plantae,6,5289477,3
Plantae,6,2869495,99
Plantae,6,2869538,1
Plantae,6,2869559,11
Plantae,6,8317447,11
Plantae,6,2703467,88
Plantae,6,3152205,101
Plantae,6,7279053,25
Plantae,6,3152795,131
Plantae,6,3169652,101
Plantae,6,7317524,2
Plantae,6,7317471,97
Plantae,6,2846723,3
Plantae,6,7122389,101
Plantae,6,2702911,60
Plantae,6,2684855,99
Plantae,6,5415463,97
Plantae,6,5574269,77
Plantae,6,5415458,99
Plantae,6,7263605,25
Plantae,6,5415456,101
Plantae,6,5415460,95
Plantae,6,2816952,4
Plantae,6,5341442,100
Plantae,6,4060185,99
Plantae,6,4124764,94
Plantae,6,5304075,17
Plantae,6,3169713,100
Plantae,6,2739071,100
Plantae,6,2765221,101
Plantae,6,2765230,98
Plantae,6,2765359,100
Plantae,6,3188757,95
Plantae,6,4204463,10
Plantae,6,2984507,59
Plantae,6,3037345,14
Plantae,6,3037328,4
Plantae,6,5378648,8
Plantae,6,3084848,101
Plantae,6,5421117,101
Plantae,6,5421116,96
Plantae,6,3852273,3
Plantae,6,7294697,97
Plantae,6,8068501,4
Plantae,6,3624240,21
Plantae,6,7317567,15
Plantae,6,3149462,101
Plantae,6,8324121,101
Plantae,6,5358748,101
Plantae,6,5360475,31
Plantae,6,5535699,3
Plantae,6,2865504,1
Plantae,6,7273609,48
Plantae,6,3171939,101
Plantae,6,2925529,100
Plantae,6,3074906,101
Plantae,6,3074918,101
Plantae,6,3125210,6
Plantae,6,4239512,2
Plantae,6,4219232,31
Plantae,6,4212820,1
Plantae,6,3172086,99
Plantae,6,3730342,99
Plantae,6,3172083,101
Plantae,6,5677150,42
Plantae,6,7272546,98
Plantae,6,2888626,100
Plantae,6,2975287,101
Plantae,6,2974832,101
Plantae,6,2975014,97
Plantae,6,7989033,64
Plantae,6,2982508,3
Plantae,6,2982748,18
Plantae,6,2982533,4
Plantae,6,2982380,12
Plantae,6,2982455,3
Plantae,6,2982753,5
Plantae,6,2982583,100
Plantae,6,2982409,96
Plantae,6,3169707,101
Plantae,6,7296623,100
Plantae,6,7296357,99
Plantae,6,5331181,101
Plantae,6,5665503,12
Plantae,6,7296732,38
Plantae,6,5331347,101
Plantae,6,3190406,64
Plantae,6,7795888,101
Plantae,6,4261116,9
Plantae,6,7791388,94
Plantae,6,3152069,102
Plantae,6,2889934,97
Plantae,6,5310210,18
Plantae,6,7262496,100
Plantae,6,5338256,68
Plantae,6,5338193,9
Plantae,6,2956565,98
Plantae,6,2956550,22
Plantae,6,2956572,25
Plantae,6,2956594,20
Plantae,6,5535797,97
Plantae,6,3152253,101
Plantae,6,7278922,99
Plantae,6,2776790,101
Plantae,6,8001590,100
Plantae,6,3172406,100
Plantae,6,3154353,1
Plantae,6,3154314,102
Plantae,6,3154445,67
Plantae,6,7136320,87
Plantae,6,7328793,22
Plantae,6,4173549,45
Plantae,6,4167924,1
Plantae,6,2888763,99
Plantae,6,2889828,101
Plantae,6,4068797,88
Plantae,6,4068906,2
Plantae,6,5371753,101
Plantae,6,2925564,100
Plantae,6,7309306,14
Plantae,6,8276186,43
Plantae,6,2925561,100
Plantae,6,5372424,101
Plantae,6,8049561,25
Plantae,6,5372392,101
Plantae,6,4047699,100
Plantae,6,4047669,73
Plantae,6,5413733,98
Plantae,6,5406665,101
Plantae,6,5386813,101
Plantae,6,3116861,34
Plantae,6,3092303,97
Plantae,6,5386531,7
Plantae,6,9365162,1
Plantae,6,3742339,1
Plantae,6,5524676,99
Plantae,6,5524490,100
Plantae,6,5635525,101
Plantae,6,5665885,98
Plantae,6,5665840,100
Plantae,6,7908508,7
Plantae,6,5535418,11
Plantae,6,7317439,5
Plantae,6,5536701,29
Plantae,6,3089154,104
Plantae,6,2928381,100
Plantae,6,9209685,3
Plantae,6,2889811,101
Plantae,6,7976013,12
Plantae,6,3190517,99
Plantae,6,3190516,21
Plantae,6,2693047,28
Plantae,6,2692701,3
Plantae,6,2692968,1
Plantae,6,5387974,101
Plantae,6,7269121,6
Plantae,6,7716390,19
Plantae,6,3832937,74
Plantae,6,7269365,101
Plantae,6,3834419,100
Plantae,6,5290052,89
Plantae,6,7317778,3
Plantae,6,2859976,99
Plantae,6,2859952,98
Plantae,6,2859817,95
Plantae,6,2803042,100
Plantae,6,3111754,100
Plantae,6,2757184,99
Plantae,6,2757086,20
Plantae,6,2757280,101
Plantae,6,2757108,101
Plantae,6,3876080,2
Plantae,6,7273665,39
Plantae,6,5355266,34
Fungi,5,5243447,0
Fungi,5,5243458,0
Fungi,5,5954958,0
Fungi,5,7601434,0
Fungi,5,2524910,0
Fungi,5,7888147,0
Fungi,5,7617313,0
Fungi,5,2535193,0
Fungi,5,2535211,0
Fungi,5,5239851,0
Fungi,5,8733688,0
Fungi,5,7550396,0
Fungi,5,2536054,0
Fungi,5,2536067,0
Fungi,5,5249504,0
Fungi,5,5249564,0
Fungi,5,5248035,0
Fungi,5,5242740,0
Fungi,5,7987658,0
Fungi,5,2536689,0
Fungi,5,7567077,0
Fungi,5,2560562,0
Fungi,5,3450833,0
Fungi,5,2607712,0
Fungi,5,5239766,0
Fungi,5,5249271,0
Fungi,5,5245860,0
Fungi,5,5249290,0
Fungi,5,5249297,0
Fungi,5,7351381,0
Fungi,5,9713443,0
Fungi,5,5240269,0
Fungi,5,12023201,0
Fungi,5,5243151,0
Fungi,5,2554333,0
Fungi,5,5249253,0
Fungi,5,9607875,0
Fungi,5,3341441,0
Fungi,5,2549730,0
Fungi,5,2549834,0
Chromista,4,5423614,0
Fungi,5,2540800,0
Fungi,5,5246840,0
Fungi,5,5248532,0
Fungi,5,5248508,0
Fungi,5,7525750,0
Chromista,4,3198487,0
Fungi,5,10846389,0
Fungi,5,2543474,0
Fungi,5,2537743,0
Fungi,5,9129313,0
Fungi,5,9031899,0
Fungi,5,9154166,0
Fungi,5,5465199,0
Fungi,5,5242097,0
Fungi,5,5260693,0
Fungi,5,2532720,0
Fungi,5,5243258,0
Fungi,5,2535209,0
Fungi,5,10852503,0
Bacteria,3,7659532,0
Fungi,5,8813286,0
Fungi,5,5248629,0
Fungi,5,7719797,0
Fungi,5,9072021,0
Fungi,5,2544188,0
Fungi,5,2543487,0
Fungi,5,2594602,0
Bacteria,3,8225325,0
Fungi,5,2537081,0
Fungi,5,2537689,0
Fungi,5,8031042,0
Chromista,4,3200167,0
Fungi,5,5246153,0
Fungi,5,2606268,0
Fungi,5,7693097,0
Fungi,5,7387256,0
Fungi,5,2525455,0
Fungi,5,2526548,0
Fungi,5,7652320,0
Fungi,5,2549306,0
Fungi,5,9227816,0
Fungi,5,2542126,0
Fungi,5,2524108,0
Fungi,5,6014310,0
Fungi,5,7624816,0
Fungi,5,2520519,0
Fungi,5,2520862,0
Fungi,5,7519086,0
Fungi,5,2534085,0
Fungi,5,9109424,0
Fungi,5,8618631,0
Chromista,4,3197849,0
Fungi,5,9223923,0
Fungi,5,2551318,0
Fungi,5,3359641,0
Fungi,5,2551542,0
Fungi,5,2551331,0
Fungi,5,2551447,0
Fungi,5,2551415,0
Fungi,5,2551423,0
Fungi,5,2551356,0
Fungi,5,7440012,0
Chromista,4,3196783,0
Chromista,4,3196682,0
Chromista,4,3197021,0
Chromista,4,3197104,0
Bacteria,3,3218108,0
Fungi,5,2553128,0
Fungi,5,7623986,0
Fungi,5,8146046,0
Fungi,5,7777157,0
Fungi,5,5239982,0
Fungi,5,5239937,0
Fungi,5,5239959,0
Fungi,5,5241128,0
Fungi,5,3339816,0
Chromista,4,3197381,0
Fungi,5,9208081,0
Fungi,5,8367739,0
Fungi,5,3365664,0
Fungi,5,2549396,0
Fungi,5,2548311,0
Fungi,5,9645698,0
Fungi,5,5237434,0
Fungi,5,7577590,0
Fungi,5,3324883,0
Fungi,5,3407874,0
Fungi,5,8699607,0
Fungi,5,5241445,0
Fungi,5,3459975,0
Fungi,5,2557574,0
