folder_name,image_count
7659532,32
2535211,54
5423614,70
7617313,130
2551331,130
9713443,130
3459975,9
2537743,130
5243458,130
3450833,127
3197381,424
7987658,130
2536067,130
5249564,130
7719797,130
5248508,130
5239766,130
5237434,130
5249271,102
9154166,130
2532720,128
7577590,0
2551423,130
3341441,130
3218108,13
2551415,130
2534085,75
3198487,343
8813286,130
2551447,130
3200167,26
5239959,130
2535193,130
3359641,130
2526548,130
9227816,94
10852503,130
5246840,130
7550396,98
7387256,0
5245860,130
2537081,130
8367739,0
2544188,130
5249290,130
5249297,130
3197021,0
5249253,130
2548311,93
3197849,0
7440012,21
7519086,1
6014310,130
7777157,130
5240269,130
5260693,130
2607712,130
2606268,130
2525455,129
5248035,130
9223923,130
2520519,130
2551542,130
2543474,130
2543487,130
7601434,0
5246153,0
3196682,0
9072021,130
8618631,130
12023201,130
5241128,130
8699607,130
2542126,130
2594602,130
2549730,130
2536054,130
3339816,0
2549396,130
2524108,130
8146046,130
2551356,130
5243258,130
7567077,130
7623986,130
5249504,110
7652320,1
5242740,130
2549306,6
5248629,130
9109424,130
7624816,130
9607875,0
9645698,130
3407874,4
3196783,100
5239937,12
2557574,3
2560562,36
2554333,130
5242097,6
3324883,130
5241445,130
2553128,103
5248532,130
9031899,130
2520862,130
2537689,130
9129313,130
5954958,130
5243151,130
5239982,39
5465199,130
7351381,130
10846389,130
9208081,130
8733688,130
2549834,130
3365664,130
7525750,0
8225325,493
2535209,5
3197104,0
2540800,130
5239851,130
8031042,130
2524910,130
7888147,130
2536689,45
2551318,18
5243447,130
7693097,130
