speciesKey,hasImages
5599251,yes
3940931,no
3152707,yes
3152706,yes
3152706,yes
8312665,yes
3940600,no
8312665,yes
2685456,no
8219075,no
5348711,yes
3980200,no
5348700,no
3980200,no
3152634,yes
7997923,yes
3796190,yes
3795863,yes
2978466,yes
2979474,yes
2979265,yes
7769517,yes
7521523,no
3974744,yes
8381471,yes
7633007,no
8016515,no
3056835,yes
3056856,no
3056864,no
3056375,yes
3056259,yes
3056040,no
3056367,no
3056042,yes
3057221,yes
2781924,yes
2781961,yes
2781961,yes
3035388,no
3035348,no
3035369,yes
3035456,yes
3035471,no
5277297,no
5415454,yes
6359819,yes
6359819,yes
7263046,no
3767891,yes
5273025,no
5273050,no
5303475,yes
3033673,no
7276717,no
2873769,yes
7957156,no
2873807,yes
8414553,no
7308877,yes
3836457,yes
3836457,yes
2651706,yes
8254182,yes
3079949,no
3080012,no
3079985,yes
7270690,no
7270767,no
3189694,yes
8246677,yes
7270759,no
4177184,no
4177047,no
7451120,yes
3120223,yes
3120060,yes
9598742,no
3085168,yes
3085175,yes
3085175,yes
2951851,yes
2951846,yes
2951851,yes
5527836,yes
7313459,yes
7313459,yes
7155887,yes
5409255,yes
8100232,no
8081748,no
7534316,no
7685146,no
3132228,yes
3132228,yes
3132233,no
2651816,yes
2651833,yes
7412206,yes
3750161,yes
8417744,yes
2895031,yes
3590020,no
7952143,no
3591994,no
3591729,yes
5421195,yes
3721362,yes
3728218,no
3173321,yes
2811095,yes
10974033,no
10832776,no
3672337,no
3819030,yes
6365136,no
3825597,yes
3824881,no
2949102,yes
2949250,yes
5358297,yes
10017577,no
3968951,no
2976740,no
3619392,no
4164044,yes
4175548,no
5243447,no
5243458,no
7307327,yes
2767031,yes
2767031,yes
2766846,no
2766846,no
2766811,yes
2766636,yes
5550211,yes
5401673,yes
5954958,no
7601434,no
2524910,no
7888147,no
7617313,no
3152226,yes
3152226,yes
2733934,yes
2918871,yes
2918203,yes
2916044,yes
2918843,yes
2918700,yes
2918700,yes
2704108,yes
4063474,yes
3659064,yes
3659120,no
8047746,no
3659898,yes
7167078,yes
2535193,no
2535211,no
5357483,no
2805837,no
3815492,yes
4079267,yes
3732898,no
3036248,no
3036209,yes
3036205,no
7903057,yes
7903057,yes
3042751,yes
3042751,yes
3042837,yes
3042845,yes
3042845,yes
7903057,yes
4030419,yes
5382984,no
5383015,no
5383016,yes
5383042,no
5383021,no
5383064,no
5382985,yes
3081719,no
3076220,yes
3076180,yes
7647356,no
3076290,yes
6358484,yes
5361944,yes
5555210,yes
7384826,no
5341758,yes
5602619,yes
7583876,yes
6370882,yes
2676667,no
5544043,yes
5544059,yes
7947947,no
5544522,no
8156987,yes
3173333,yes
3173338,yes
4055437,yes
3173336,no
2844202,no
2843000,no
2845950,no
2845882,yes
2871513,no
4054310,no
4053648,no
4053469,no
7422642,no
7910402,no
7293727,no
7394232,yes
4080574,yes
2960189,no
2870265,no
5421368,yes
2866196,no
3829613,yes
5288819,yes
9273319,yes
4933534,yes
4926336,yes
3136925,yes
3156868,no
3659000,yes
3659000,yes
3659013,no
9559369,no
3173178,yes
4007936,yes
2771077,no
3925307,no
9649960,yes
3925297,yes
3034646,yes
8302726,yes
2928410,yes
3884668,no
3884461,yes
3105218,no
7342732,yes
5407100,yes
5407273,yes
5407123,yes
5407099,yes
9483249,yes
5308574,no
5308500,no
5308555,yes
9357375,no
3156537,no
3083508,yes
7291643,no
4034017,no
7262663,yes
3076532,yes
3076436,yes
3076491,yes
3076575,no
3076572,no
3076550,no
3076438,yes
3076491,yes
3076595,yes
3076595,yes
3076595,yes
3076479,no
3076798,yes
2889355,yes
3172001,yes
3604751,no
4047850,yes
7303268,yes
4157945,no
8047443,yes
8047443,yes
4158795,no
4156721,yes
7303259,no
4159200,yes
2874718,no
4158908,no
4176909,no
5298546,yes
2874524,no
3846139,no
3981543,yes
3981483,yes
3982254,no
3876635,no
3876453,yes
3876421,no
7799649,yes
7420887,no
8339627,yes
8971274,yes
7439327,no
5332182,yes
5389402,yes
5392065,yes
5391845,yes
5391862,yes
2693754,yes
3628231,yes
5383085,yes
2874863,yes
5385687,yes
5600005,yes
5599948,no
7367052,no
4079429,yes
2808791,yes
3189955,yes
5395607,yes
5395786,yes
7429460,no
6445734,yes
5395751,no
5395671,yes
5395726,no
7758821,no
5395639,yes
5395835,yes
5395726,no
7358042,yes
5395843,yes
5395810,no
5395807,no
5395686,yes
3099178,no
7300656,yes
4100434,yes
2984359,yes
7769607,yes
4098245,no
3821859,no
8192432,no
7327348,yes
3086282,yes
2758480,yes
7288741,no
4012211,yes
7288643,yes
2718302,yes
5239851,no
8733688,no
7550396,no
11113309,no
3098199,no
3579089,yes
5414566,yes
2536054,no
2536067,no
3699976,yes
7620074,yes
3590755,no
7152728,no
8036665,no
7313845,no
3590330,no
3189636,yes
7979840,no
8307542,yes
7152728,no
3591551,no
3189637,no
3189635,yes
3189635,yes
5411542,yes
5411542,yes
4094511,yes
3172549,no
5349837,no
5836239,no
5407583,yes
8269930,yes
5635972,no
5636188,no
5636073,yes
5635838,yes
8269930,yes
5421347,no
2962193,yes
7799711,yes
2962057,yes
2962029,yes
2962021,yes
8034409,yes
8034409,yes
5361880,yes
3841195,yes
3840335,yes
7270041,yes
3844340,no
7743229,yes
5249504,no
5249564,no
2917490,no
2893147,yes
2898630,no
2917463,no
4106183,yes
8383611,yes
5601980,no
5601806,no
7483483,no
5602323,no
7552967,yes
5601861,no
5601856,yes
5602458,no
7734302,no
7273413,yes
5601902,no
5601836,yes
5375388,yes
8403992,no
2845928,yes
5292372,yes
5292267,yes
6027145,no
6027079,no
5301026,yes
5300998,yes
8234570,yes
2940413,no
4939125,yes
3987987,no
7285992,yes
8005514,no
3672205,no
8400302,yes
11973078,no
5354740,yes
3974372,yes
9387656,no
9282392,no
2958773,yes
9362258,yes
11219613,yes
5354721,no
2958715,yes
2958871,yes
5354716,no
7587087,no
2960346,no
2960284,yes
2960408,no
2868390,yes
5294153,no
5294443,no
5294128,yes
5294114,yes
2795128,yes
2795257,yes
2795023,yes
2795051,yes
2795000,no
5302914,yes
6070236,no
5391480,yes
2952284,no
2952312,no
10018769,no
10514274,yes
10507579,yes
5609976,no
7309012,yes
5609925,yes
6412107,yes
5341132,yes
5609783,no
7308776,yes
7308852,yes
7307835,yes
5609799,no
5609508,no
5609427,yes
7308776,yes
7308743,yes
5303453,yes
3173413,yes
3092946,yes
5372487,yes
2683942,yes
2683941,no
2662161,no
8188852,no
9531830,yes
8374262,no
5556276,no
2925357,yes
2925357,yes
3893244,yes
2925349,yes
2925354,yes
2925348,yes
3891594,no
8173793,no
3890752,yes
3890745,yes
3890184,no
8191194,no
3887135,yes
3889087,yes
7307919,yes
2951345,yes
3774284,yes
7307233,yes
8373686,no
2946687,no
2946687,no
2946665,yes
2946542,yes
2946519,yes
3063542,no
7326564,yes
3034720,yes
2874564,yes
2888831,yes
3829341,yes
3033943,yes
3033943,yes
2735117,yes
2874867,yes
2968942,no
2968949,yes
3071476,yes
7812596,no
5272236,no
3774207,yes
3164997,yes
5412879,yes
3164997,yes
5412957,no
2811501,yes
2811433,yes
2811392,yes
2811765,yes
2895345,yes
2895528,yes
8524134,no
2895393,no
2706301,yes
2706301,yes
5406687,yes
4059906,yes
3884974,yes
2795410,yes
5330776,yes
2870285,yes
4261665,no
4261594,no
3882249,no
3882249,no
5372467,yes
5646867,yes
10725366,no
5646838,yes
3711969,no
3840160,no
5596457,no
3137300,yes
2789676,yes
3094819,yes
5307089,no
3607289,yes
5403351,no
5403419,yes
5403378,no
5415080,yes
5415081,yes
2853796,yes
2853796,yes
2853967,no
2853901,yes
2747939,yes
6359825,yes
7970844,yes
2942070,no
2941976,no
2942052,yes
8128829,no
2941869,no
2941944,yes
8425911,no
2942208,yes
2941778,no
2942877,yes
2942291,yes
2942291,yes
2942058,yes
8260433,yes
2942090,yes
2942956,no
2942610,yes
2942762,yes
2942727,yes
2942157,no
2941939,yes
2942654,yes
3060225,no
3057960,yes
3057531,no
3058629,yes
3060103,no
3058185,yes
3058375,no
3060155,no
3059779,no
3059370,no
3060225,no
3059877,no
3059060,no
3058717,yes
3057656,yes
3060155,no
3057847,no
7772449,no
7395135,no
4024206,yes
7551029,no
5525050,yes
6021960,yes
5284237,yes
5284237,yes
5248035,no
3034432,yes
4040546,yes
10953644,no
2874570,yes
8130737,yes
7443131,yes
7590562,no
6559985,yes
3698895,no
7327158,no
8344668,yes
3698309,yes
3699137,no
3698705,no
3699706,no
3189403,yes
3699329,no
2763941,yes
2764179,yes
2764202,yes
2764030,no
2764435,yes
3686750,no
3032532,no
8339120,yes
3146791,yes
3126384,yes
9338724,no
3146683,yes
5242740,no
7987658,no
2536689,no
7277323,no
3925104,no
2911907,no
3152092,yes
3152082,yes
3152084,yes
5660153,no
5341270,yes
5662094,no
5341290,yes
5341270,yes
7567077,no
2560562,no
3450833,no
5304502,yes
2766278,yes
2766278,yes
2766271,yes
3133938,yes
3133950,yes
3034871,yes
7846556,yes
7322062,yes
7322129,yes
7161076,yes
5531399,yes
7314830,no
5293455,no
5293281,yes
5293447,yes
5592750,yes
3098951,yes
3572076,no
7584507,yes
2756921,no
3025781,yes
3112123,no
3082562,yes
4174895,no
3115443,yes
3871487,yes
3054263,yes
3871686,yes
3871303,yes
3712064,yes
7330024,yes
7330024,yes
3033937,yes
4052376,no
4053160,no
7596599,yes
4053324,no
4054691,yes
7130673,yes
3039164,yes
3039163,yes
7626256,no
2925396,yes
2874621,yes
3190164,yes
8077391,yes
3190160,no
6433679,yes
7647136,no
7647136,no
3190157,yes
3190157,yes
3190157,yes
8077391,yes
3190172,yes
8077391,yes
8077391,yes
3057416,no
2607712,no
3060599,no
3060538,yes
3060557,no
11016483,no
5834596,yes
3836925,no
3836864,no
3836778,no
3190413,yes
3616545,no
3061406,no
3061404,no
3073727,no
7456824,no
2785455,yes
2785484,no
2785542,no
3081768,no
3081665,no
3081619,no
3081564,no
3184115,yes
6375061,yes
7277064,yes
3923474,no
7474713,yes
3921745,no
7986126,no
7278156,yes
10766081,no
7278221,yes
3930565,no
7277742,no
7277589,yes
7356039,yes
3054227,yes
6370562,yes
2925351,yes
3894771,yes
8014461,yes
8137825,yes
7308161,yes
2932942,yes
2932944,yes
2932944,yes
2932944,yes
3873929,yes
3873929,yes
3874163,no
3046258,yes
3189939,yes
2727853,yes
2723567,no
2723579,yes
2724401,yes
2728493,no
2729549,yes
2724718,no
3083448,yes
3083448,yes
2874484,yes
5414419,yes
5536282,yes
4066311,no
3094849,yes
3094841,yes
3094854,yes
3138327,yes
3034714,yes
4205522,no
7308640,yes
4086447,no
2738902,yes
2738915,no
2738914,yes
7767724,no
7763536,yes
7819400,yes
5357108,yes
5357158,yes
5357125,yes
5357125,yes
5357125,yes
5685537,no
3033999,yes
5333237,yes
2891930,yes
5279224,no
5333067,yes
3169830,yes
2643000,no
2642884,no
2642878,no
9045141,no
2643120,no
2643093,no
9359402,no
2642922,no
2643172,no
2642991,no
11038189,yes
7293851,yes
4054625,no
4055350,no
7293851,yes
10842418,no
4054403,yes
10995009,no
7293851,yes
5406697,yes
3169172,no
3793742,yes
3792919,yes
3169169,yes
7265565,yes
7265509,no
3085191,yes
3085191,yes
7303643,yes
7303643,yes
4159594,yes
7366997,yes
4160107,yes
3089561,yes
5595243,yes
3034128,yes
5391292,yes
2706433,yes
6033660,yes
5276780,no
3085184,no
2923933,no
2685261,no
3085440,yes
2651586,yes
2882398,yes
7155766,yes
7155753,yes
8429062,yes
3086518,yes
2928791,yes
4195539,yes
2947311,yes
5392243,yes
5392252,yes
2901250,yes
2901294,yes
4177751,no
7304259,yes
4177515,no
3033985,yes
4183279,no
4177228,no
3033991,yes
4177089,no
4180148,no
4176408,no
4175703,no
8028551,yes
4183075,no
4182629,no
4182513,no
4182397,no
12221302,no
4181342,yes
4179952,yes
9128079,yes
4179665,no
4176408,no
4179428,no
3033987,yes
3851819,yes
3851819,yes
7322810,yes
2844811,yes
2843372,no
3112887,yes
3113525,no
3113222,yes
3115106,no
3115100,no
3033937,yes
2705290,yes
2891640,yes
2891641,yes
6413459,no
2925403,yes
2925403,yes
6413451,yes
3190474,yes
2650106,yes
3082142,yes
3082142,yes
3171169,yes
3187799,yes
4195229,yes
12176749,no
7147896,yes
7147896,yes
4927572,yes
4195050,yes
3062296,yes
2705752,no
2705753,no
2705757,yes
2705761,yes
2705762,yes
4140151,no
2705758,no
3173128,yes
3173126,yes
3173129,yes
3770457,yes
3082835,yes
3082792,no
3082727,yes
3867269,yes
3083504,yes
3882375,yes
2953747,yes
2952956,no
3978268,no
2953474,no
10869922,no
2953113,yes
10856210,yes
10856210,yes
2953315,no
2953775,no
10722107,no
2953250,no
2947990,yes
2953715,yes
2953791,no
2953597,no
11375257,yes
2953871,yes
2953594,no
2953160,yes
10809876,no
2953321,no
2953031,yes
10803209,no
2953251,yes
2953251,yes
2953264,no
5535537,yes
5535526,no
5535524,no
3820013,no
8314136,no
7303378,no
4156675,no
4157489,no
4157762,no
7873234,yes
3764628,no
3764344,no
3764312,no
3765088,no
3764082,no
3764001,no
5290201,yes
7340130,yes
9684606,no
2795522,yes
4151147,no
5673346,yes
3589084,no
3589072,yes
7313620,yes
3588628,no
3589285,no
3589208,no
3588673,no
3588624,no
3170241,yes
2768632,yes
2768772,yes
2768732,no
2768885,yes
2768686,yes
2769937,yes
2769933,no
2769887,no
2769986,no
2769928,no
4257291,no
4256651,no
4258922,yes
7535658,no
2650701,yes
4257138,yes
2650676,yes
2650655,yes
2650600,yes
2650614,yes
4256698,yes
4256516,yes
7310734,yes
4256924,no
7310817,yes
7758614,yes
5387639,yes
10738346,yes
5387429,no
7596861,yes
5239766,no
5345341,yes
5345082,yes
3775264,yes
3173254,yes
5574031,yes
5574031,yes
5593924,yes
7861000,no
5593914,no
8413227,no
4016717,yes
3122433,yes
3122454,no
5403189,no
3033077,yes
5249271,no
5245860,no
5249290,no
5249297,no
7351381,no
7330924,yes
5557613,no
5557539,yes
5558616,no
5558529,no
7331082,yes
5558460,yes
7331177,no
7331031,yes
7331015,no
5557215,no
7330958,no
5558193,yes
7618793,no
5557226,no
5557196,no
7331183,yes
7331082,yes
2736531,yes
2736594,no
2736565,yes
2733957,no
2733997,yes
2888485,yes
11015824,no
2928691,no
3679388,no
7324204,no
5549147,yes
3678447,no
2928692,no
7324107,no
3678206,no
3678206,no
2867193,yes
2867313,yes
2867210,no
11042273,no
3589079,yes
11054848,no
3588727,yes
3589676,no
2873993,no
11101354,no
10923972,yes
7313567,yes
3589461,yes
10961830,no
10906120,no
10963025,no
10971475,no
8207569,yes
3589606,no
3589367,no
5836315,yes
9713443,no
3154909,yes
3154984,no
3154948,no
7666226,no
3121319,yes
8373355,yes
3121446,yes
3120722,yes
8341657,yes
3121581,yes
3121526,no
3120972,yes
3121058,yes
3121137,yes
3121650,yes
3120713,yes
3120946,yes
2984573,yes
3764819,no
2984565,yes
2984566,yes
5537879,no
6026462,yes
8946115,no
8120502,yes
5537846,no
5537546,yes
6027415,yes
6026295,yes
3742081,yes
5615587,no
5615545,no
5274878,yes
5615735,no
7457890,yes
5371879,yes
5289910,yes
5383369,yes
5383505,no
5383477,no
5383493,no
5383493,no
5325089,no
5597304,yes
5597304,yes
4159921,yes
5524122,no
5524063,yes
5523997,no
5353770,yes
7769165,yes
4205278,no
3036888,yes
3037015,yes
3036940,yes
3036936,no
3037059,no
7623994,no
3037026,no
3036940,yes
3036885,no
3036929,no
3036859,no
3037040,no
3838835,yes
2684921,yes
7454687,no
3830318,yes
7353729,yes
2941309,yes
2941456,yes
2941475,no
5558193,yes
7422579,no
5557606,yes
5557546,no
5557499,no
5557384,no
5557215,no
5558902,no
7331177,no
5414379,yes
5414379,yes
7169429,yes
7331147,no
7618793,no
5558269,no
5414379,yes
5558543,no
5558418,no
5558282,yes
5558278,no
5558269,no
5558193,yes
5558150,no
5558104,no
5302311,yes
5302088,no
5302225,yes
5301973,no
5302164,yes
5301997,no
5302219,yes
5302216,yes
5302109,no
5302190,yes
5302199,yes
5302068,no
5301989,no
5302151,no
5301979,yes
3877487,no
5535766,no
5414411,yes
5535619,no
5414410,yes
5535557,yes
5535552,no
8189919,no
3084939,yes
3702567,yes
3702551,yes
7596248,no
7829872,no
5406789,yes
2948646,yes
2948605,yes
3621296,no
7317401,no
7317401,no
3621838,no
3621296,no
7492879,no
5240269,no
6109611,yes
5384364,yes
8911082,yes
5384401,yes
5384397,yes
5325855,yes
12023201,no
2685171,no
2685185,yes
2764969,yes
2764957,no
3188714,yes
3188716,yes
11037528,no
10958923,no
10908864,no
5301673,no
2759996,yes
10748345,no
5301568,no
2758315,no
10859165,no
2760233,no
2759871,yes
5301695,no
11059690,no
10984589,no
10901043,no
11082522,no
11082522,no
11083080,no
2871520,yes
2871533,yes
8688557,no
5401760,yes
5597755,yes
5597659,no
5597349,yes
5597286,no
4025407,no
2866357,no
2866415,no
2866378,yes
2866488,no
2866378,yes
3002003,yes
3002003,yes
3002003,yes
2919748,yes
2919774,no
3190653,yes
3708775,yes
8132454,no
3133817,yes
3133830,yes
3133830,yes
3133822,no
3133787,no
3887136,no
7307111,yes
7306109,yes
3701919,no
3701919,no
7326263,yes
7326260,yes
7326268,yes
3701897,yes
2972934,no
2973155,no
2973197,yes
10691906,yes
2972983,yes
2973038,yes
2973099,no
2973009,no
2973031,yes
2973167,yes
3055431,no
3055402,yes
3055471,no
3055347,yes
3724900,no
3074908,no
4930679,yes
2865100,yes
3169836,yes
3169838,yes
2856558,yes
2857697,yes
2856307,no
2856504,yes
2857449,yes
2856037,yes
2856681,yes
2855860,yes
5577862,no
9364157,yes
5577677,no
9364157,yes
5576798,no
3661652,no
7320012,no
2876187,yes
7852552,no
5329978,yes
5329904,yes
5329889,no
2777724,yes
5302271,yes
5302180,no
2874569,yes
2874570,yes
8315192,no
7393329,yes
2874508,yes
2948930,yes
5284275,yes
5284278,yes
2684044,no
2684076,no
2683955,yes
2683904,no
2852556,no
2853017,no
2852580,no
8588437,no
2853024,yes
2757635,no
2757542,no
2757544,yes
2757637,yes
2757624,yes
2757653,no
2757547,yes
2757545,yes
7154776,no
3610749,yes
2927548,yes
2927545,yes
2946183,yes
5303388,yes
8544796,yes
5303371,yes
5303311,yes
5530129,no
5529644,yes
3142265,yes
8303480,yes
5384314,yes
5243151,no
2683296,no
2683264,yes
2683234,yes
2683299,no
2683250,yes
2683217,yes
2683272,yes
2683286,yes
3772326,no
3830078,yes
3830070,no
3829915,yes
3829753,no
3829691,no
7708168,yes
4083193,no
5305656,yes
5305481,yes
5305706,yes
5305704,yes
5305513,yes
5305617,yes
4151099,yes
2705275,yes
4151005,no
2705267,yes
8571291,no
4139011,yes
4138713,yes
2705267,yes
4137812,yes
8649705,no
7312698,yes
8154670,yes
5525315,no
3112361,yes
6109637,yes
4064484,yes
2925813,no
2966890,yes
2713638,yes
2713479,yes
2713778,yes
2716516,yes
2714796,yes
2713932,yes
2713932,yes
2716226,yes
2714156,yes
2715828,yes
2715729,yes
8243603,yes
2715148,yes
2714056,yes
2713473,yes
2713473,yes
2715089,yes
2714818,yes
2714571,yes
2930216,yes
2650828,yes
2650829,yes
2650827,yes
4038867,yes
4047324,yes
5308441,yes
5308446,yes
2871919,yes
8019600,no
7300685,yes
2949868,yes
2950187,yes
2949769,yes
2950411,no
2912772,yes
9705079,yes
7874167,yes
7173530,yes
10455303,no
2814845,yes
5334186,yes
5568446,yes
3083862,yes
7551162,yes
7316889,no
7275851,yes
7685885,yes
7693965,no
7540467,no
3823358,yes
7469977,yes
3750475,no
3750517,yes
7462014,no
9421491,no
5289612,yes
5289624,yes
2774721,yes
2774846,yes
2774395,yes
3661517,yes
3616970,no
3616952,yes
3616878,no
9627346,yes
4080035,yes
3616952,yes
4083193,no
5349917,no
5349935,yes
5349925,no
2735935,yes
7627205,yes
3150814,yes
5401002,yes
3150767,no
3150798,no
2985082,yes
5290133,yes
5290136,no
2885828,yes
4934732,yes
2687843,yes
5286174,no
2706188,yes
5293599,yes
5387142,yes
2968625,no
2968625,no
2968466,yes
8120649,no
2968435,no
2968457,yes
2968703,yes
2940397,yes
2940397,yes
2968399,no
2968399,no
8126191,no
2968756,no
2968935,no
2968474,no
2968852,no
2968408,yes
2968657,no
2903461,yes
7311442,yes
5523654,no
4262048,no
4261959,yes
7311236,yes
3155584,no
3155198,no
3155194,no
2874725,yes
2928755,yes
2928747,yes
2928751,yes
3034742,yes
8684056,no
7769165,yes
7911152,yes
4204959,yes
4099305,yes
3936318,no
3936282,no
3180167,yes
3675567,yes
5578218,no
2956176,yes
3033833,yes
3923581,yes
5317326,no
5316694,no
5316701,yes
5273394,no
5273343,no
5273366,no
5402447,yes
8413198,yes
7310580,no
7310580,no
3125384,yes
5314663,yes
7300218,yes
7300394,no
2868332,yes
2868272,yes
2868272,yes
5384031,yes
2653377,yes
7924597,yes
7924597,yes
2687940,yes
2705369,no
2705362,yes
4147107,yes
2705394,yes
4143852,no
2705343,no
2705400,yes
2705426,no
3172936,yes
3132457,no
2815284,yes
11110207,no
8076705,no
3146717,yes
10731169,no
10855510,yes
10786206,no
2690666,yes
2691022,yes
2690840,no
2690404,yes
2690614,yes
2690608,yes
2690514,yes
2702527,yes
2730176,yes
5348930,no
3061515,no
3679773,no
3679474,no
3679345,no
3034425,yes
5349504,yes
5349620,yes
5349642,yes
5349636,no
5349581,yes
3685992,yes
2971186,yes
2781885,yes
2873939,yes
2873941,no
3091122,yes
3176197,yes
5418431,yes
3176897,yes
3176787,yes
3176649,yes
3176743,yes
3176719,yes
3177112,yes
3723584,yes
12208633,no
6452649,no
2951871,no
5416458,yes
5312136,yes
3831820,yes
7269372,yes
7269351,no
5594377,yes
3832055,no
5594382,yes
3793714,no
7265434,yes
3169137,yes
3792270,no
12385842,no
8394214,yes
5402943,yes
5403117,yes
5403095,yes
5393804,no
5403118,no
5402831,yes
3087725,yes
3142644,yes
3069535,yes
3065495,yes
3070597,yes
3065503,yes
3064495,yes
3068565,no
3064865,yes
3066964,yes
3064495,yes
3070419,no
3068937,yes
3066321,yes
3063803,yes
3066965,yes
9523421,no
3069046,no
3067891,yes
3066465,yes
3066357,yes
3069465,no
3069353,yes
3066919,yes
3067098,yes
3065503,yes
3591315,yes
3590867,no
7313910,no
7152601,yes
7152542,yes
7314055,no
3592012,no
2858034,yes
3709190,yes
9464189,yes
3037427,no
2928673,yes
3840363,yes
3702513,yes
4259394,no
3071702,yes
3071716,yes
3071716,yes
3061423,no
4938052,yes
4036310,no
4036310,no
2889373,yes
4019125,no
7289420,yes
7863745,yes
8413821,yes
4038333,no
2984652,yes
4093859,yes
3993458,yes
7328504,yes
7328427,yes
2554333,no
2663047,no
2662801,no
2662727,no
4020282,yes
7831098,yes
7270134,yes
3839499,no
7964499,no
4934494,yes
5340379,yes
2890266,yes
2891583,yes
2891266,yes
5388689,no
3097405,no
5369685,yes
3586105,no
3141101,yes
2926557,yes
2959479,no
2959501,no
8404220,no
3084616,yes
7548362,yes
8082978,yes
2757900,yes
3080562,yes
3080441,no
3080669,no
3080301,no
3080408,no
3080562,yes
3080126,no
3080367,no
3080779,no
3080562,yes
3080907,no
3080882,no
3080312,no
3080544,no
3080562,yes
5249253,no
2667621,no
2740024,yes
5390273,yes
5359660,yes
5359660,yes
7719985,no
7732678,yes
8241662,yes
5593709,no
7861283,yes
2684155,no
5341167,no
5341168,yes
5607694,no
6410769,yes
3100918,yes
3101068,yes
7815591,yes
3131229,yes
5390831,yes
2653133,yes
2653133,yes
2653172,no
2653196,no
3157377,no
3157333,yes
3157344,yes
3157330,no
3157389,no
8217277,no
3157317,no
3648957,no
2531012,no
5331162,yes
5331164,yes
5603911,yes
5331160,yes
5287564,yes
3341441,no
5359863,no
5359839,yes
5359831,yes
7601084,no
5359894,no
5359843,yes
5359843,yes
5324319,yes
2765559,yes
5382893,no
5382823,yes
7710259,no
2684887,yes
2549730,no
3831801,yes
3029934,yes
3029817,yes
3172325,yes
7326078,no
3172325,yes
2747084,yes
5300358,yes
2718992,yes
5281229,no
2769796,yes
2710209,yes
2984047,yes
2975667,yes
5315059,no
3132570,yes
2913548,yes
2914110,yes
2549834,no
2549730,no
3715113,no
3715021,no
3714661,no
3714561,no
3189558,no
3714389,no
3714052,no
3189571,yes
7447549,no
3189570,yes
3713521,no
3713469,yes
3713439,no
8096611,yes
3712293,no
8231835,no
5335125,yes
5334965,yes
5335111,no
5335109,no
3993467,no
4093721,no
3835743,no
5592701,no
5371724,yes
5570171,no
5361907,yes
5571773,yes
5361932,yes
5361919,yes
5361909,yes
5361914,yes
7835333,yes
5571945,yes
8715736,no
7262725,yes
5571361,yes
8007516,yes
7733052,no
5570621,no
8418037,no
5570563,no
5570563,no
8715736,no
7879404,yes
5569955,no
5572206,no
8375438,no
7467639,yes
7262544,yes
8037208,yes
8357587,no
5571916,no
5361930,yes
7673670,yes
5361904,yes
5361935,yes
5571130,yes
5571076,yes
7262595,yes
7262595,yes
7422755,no
5570563,no
5571722,no
5571722,no
5569896,no
5569869,no
7262408,yes
5569748,yes
5834096,no
3767426,yes
7262809,no
3234563,yes
5571763,yes
8368771,yes
5571621,yes
9512597,no
2708266,yes
2708744,yes
2708808,yes
2709071,no
2708438,no
2708500,no
2708054,no
2708372,no
2709171,yes
2708077,no
2708425,yes
3152111,yes
3157303,no
3157393,no
3157316,no
11688456,no
5597556,no
11688456,no
3849550,no
2886794,no
2886793,no
5384950,yes
2702808,yes
2702822,yes
5523712,yes
7132425,yes
4067113,no
2765942,no
4048187,no
7293128,yes
4048068,no
4048232,no
4048137,no
4048108,no
4048135,no
2731882,yes
7426040,yes
5833757,yes
7290985,no
8368501,yes
4032124,no
4940407,no
7851195,no
7291033,no
7777372,yes
7300569,no
7300863,no
7300505,yes
4100361,no
2717712,yes
2717712,yes
2717475,no
5395928,yes
5395925,yes
2759871,yes
5301792,no
2705957,yes
2705953,yes
2749556,yes
3687000,no
8002762,yes
2927075,yes
3900786,no
3900253,no
3900245,no
3899997,no
7308868,no
7308868,no
7330991,yes
7799958,yes
7330952,yes
7330930,yes
3719802,no
7330930,yes
7330920,yes
7330920,yes
7462876,yes
7376217,yes
2901228,yes
3063650,yes
3154699,no
3170131,yes
3568590,no
2763038,yes
2976195,no
2976244,yes
2976236,yes
2961150,yes
9402904,no
5273322,no
5273507,no
7295871,no
7588254,no
4016931,no
2650858,yes
4016912,no
8582197,yes
5601226,no
7268813,yes
7317695,yes
2819021,yes
3790189,yes
8159070,no
7491014,no
4102897,yes
4097830,yes
7804561,no
4097341,no
4097056,no
4096937,yes
4096576,yes
4097209,no
4097195,yes
3571169,no
3582258,yes
7439694,yes
3581668,no
8110071,yes
2768088,yes
5303779,yes
2770860,no
2770781,no
2770795,yes
2770843,no
2770769,yes
2757326,no
2757325,no
3025448,no
5421144,yes
3172487,yes
2975585,yes
7946452,no
5333765,no
2984541,yes
5304502,yes
5304576,yes
5304529,yes
5304612,yes
5304612,yes
3190527,yes
3660297,yes
12202584,no
3191153,yes
3190722,yes
3190855,yes
5588135,no
4025506,no
4024368,no
4024689,no
7126732,no
7126715,no
7319440,no
7319844,yes
3075715,no
3989330,yes
5365717,yes
5356313,no
5356334,no
5356335,yes
2925655,yes
3152230,no
3155195,no
3155195,no
2970961,yes
8365251,yes
3085421,yes
3085420,yes
3085418,yes
6363496,yes
3603377,yes
2959543,yes
5415360,yes
5275373,yes
5579308,yes
5423614,no
2644845,no
7445055,no
2928667,yes
8682693,yes
8446611,no
3115614,no
3115588,yes
3115608,yes
3115588,yes
3817830,no
3817791,no
3817784,yes
2869345,yes
5414989,yes
5414995,yes
5680887,yes
7910758,no
5383898,yes
5681168,yes
5383896,no
5681100,yes
5680887,yes
3190008,yes
12260489,no
9070905,yes
2754476,yes
2755489,yes
2755618,yes
4937226,yes
2755005,no
2754577,no
2755586,no
2755028,no
2755195,yes
2754680,no
2755252,no
2755784,yes
2755706,yes
2755255,no
2755727,no
2754731,no
2754423,yes
2754651,yes
2754833,no
2755059,no
2755214,no
2754595,no
7705068,no
4069970,yes
4069805,no
4070543,no
7529767,no
3032960,yes
7973323,no
3032980,yes
7295796,yes
4070936,no
4070768,yes
4070710,no
7561016,no
5316421,no
5317143,no
5317107,yes
5316744,yes
5315454,yes
5315366,yes
5317521,yes
5316408,yes
5308651,yes
5317763,no
5316187,no
5315301,yes
5317287,yes
5316927,yes
5317489,yes
5315870,yes
5316317,yes
8003935,no
5316585,no
4145467,no
2703316,yes
4098506,yes
4098487,yes
4098420,no
2946825,no
2946831,yes
2946798,yes
3035049,no
3035134,yes
3035049,no
3035020,no
4001649,yes
8121249,no
12231571,no
2900952,yes
2665112,no
5350220,no
11812863,no
5350305,yes
5350303,no
5350221,no
10779326,no
5350336,yes
2942986,yes
10854344,yes
11370567,yes
10781752,yes
10717670,no
10775938,yes
11524712,no
10775938,yes
10734509,yes
10690761,yes
2971248,yes
2971312,yes
10754658,no
10685079,no
10685285,no
2971272,yes
2971272,yes
2971234,yes
11374082,yes
10866156,no
10833216,yes
10829464,yes
10875965,yes
3155178,no
3155130,yes
3155188,no
2653221,no
2653207,yes
3596656,no
9038180,no
3694784,yes
7150619,yes
3890727,no
3890741,yes
3890509,no
3890441,no
7685212,no
3084911,no
3084908,yes
8396756,yes
4028759,yes
3154499,no
3154665,no
3154495,no
3648645,no
7670032,no
4100795,no
3572800,no
2840807,yes
2840611,yes
7313778,yes
5528104,no
3152663,yes
3152666,yes
3152658,yes
3152661,yes
5602956,no
7273872,no
7273872,no
5278964,no
5279063,no
5278999,no
5278856,no
5729951,no
8028873,yes
3173137,yes
2909317,no
2891791,yes
4260812,yes
3152080,yes
4261208,no
4260147,yes
4259716,yes
4261363,no
4259769,yes
4260112,no
4260269,no
4259825,no
2540800,no
5246840,no
3986813,yes
3152195,yes
2894828,yes
3787614,no
3787288,yes
3577789,no
3577704,no
3572318,no
8040540,no
3577704,no
2667162,no
9796647,no
2874605,yes
3623176,yes
3791329,yes
3794496,no
5569039,no
5546922,yes
7503551,no
8215700,no
5546340,no
2925788,yes
4062306,yes
4001733,no
4001723,no
4001539,no
4001417,yes
2650123,yes
7326895,no
7326897,yes
2781074,yes
2781103,yes
6365806,no
8125676,yes
8297383,yes
3781640,no
3780730,no
8383653,no
8283613,no
7317926,no
8686699,no
3629643,no
5248532,no
5248508,no
3152150,no
5310564,yes
3685338,yes
7482876,no
3036467,no
3036460,no
5290179,yes
5295784,no
7424162,yes
8369675,no
8395116,no
3071171,yes
7525750,no
3152547,yes
8093304,no
7279059,yes
3152555,yes
3152559,yes
3152582,yes
9064581,yes
3941020,yes
3152583,yes
7115794,yes
11324621,no
2854416,yes
3168943,yes
3191302,yes
7317816,yes
3621199,no
3169748,yes
2827997,no
4160169,no
6135815,yes
8232232,no
8115077,no
2868580,no
4933184,no
2868708,no
4933187,no
2868580,no
3071623,yes
5669231,yes
2706056,yes
7333757,no
5564667,yes
5564628,no
5384931,yes
3039410,yes
8658195,yes
7312003,no
3574339,no
3573959,yes
3573230,yes
3573084,no
7311750,no
3572468,no
3574277,no
2984537,yes
2984535,yes
5536465,no
7286558,no
3991221,yes
7819161,no
3991114,yes
7286530,no
7448919,yes
7446415,yes
2688470,yes
7383551,yes
5380015,yes
11446635,no
3878321,no
3878251,no
3878156,no
3878122,no
2874151,no
3878048,no
2895700,yes
7318983,no
3645102,no
2985994,yes
3645376,no
2985994,yes
5329570,yes
3198487,no
6027005,no
3636515,no
8418338,yes
3639560,yes
3634833,no
6308332,no
5329272,yes
3612749,yes
5575439,no
5575310,no
7591349,no
8069897,no
10334868,yes
2705781,yes
2860119,yes
3082062,no
2904440,yes
2907324,no
8265032,yes
8222617,yes
8222617,yes
2928977,yes
3711464,no
3189479,yes
6436595,no
7948012,yes
7330142,no
3625912,no
7317960,yes
7317960,yes
3115470,yes
3139955,no
3139958,yes
3139903,yes
3139895,yes
3139807,yes
3139966,no
3139818,yes
7715188,no
7326414,yes
2687885,yes
7300847,yes
4159442,yes
4159324,no
7265816,no
2829531,yes
2828859,yes
2829357,yes
2829840,yes
2705462,yes
2860677,yes
2643285,no
2643288,no
2643258,no
2643260,no
2643307,no
5361791,yes
7329731,yes
2679386,no
3190016,yes
3708966,yes
3036057,no
2758716,yes
7883492,yes
7883492,yes
2758686,yes
2758665,yes
2758673,yes
3750410,no
2912262,yes
2916058,yes
9579208,no
9284073,no
9284073,no
2911970,yes
9264048,yes
2916110,no
10719202,no
2911992,yes
8101694,no
2915813,no
9404750,no
2915775,no
9411691,yes
2911955,yes
2915839,no
2912017,yes
2912017,yes
9469636,no
10856885,no
2959923,no
9206251,yes
3119175,yes
7287475,yes
5637355,no
5637345,no
7793512,no
7287316,no
3996804,no
5547507,yes
8215700,no
8217389,yes
8268250,no
7330177,no
3711910,yes
3714976,no
8263863,no
2668336,no
2668342,no
2900122,no
11373987,no
3777027,no
7450271,no
5275022,yes
2709295,yes
2852790,yes
7306536,yes
2926815,yes
3889017,yes
7778424,yes
8218119,no
5534173,no
5533710,no
7315806,yes
8333243,no
7939105,no
5533846,no
5534216,no
5533851,yes
7315909,yes
7154501,yes
8256372,no
5534568,no
7315854,yes
7961949,no
3592309,no
7314066,no
3592301,no
3592308,no
3592300,no
7314078,no
7314083,no
3592351,no
3592296,no
2889756,yes
5549979,yes
5549962,no
5549957,no
7326434,yes
5549987,no
2891773,yes
7309696,no
4193478,yes
4193729,no
8424006,no
2971507,yes
2972135,no
2971494,no
2971427,no
2972082,yes
2971525,yes
2971499,yes
2972323,no
2971635,yes
2971458,no
2971774,yes
2972043,yes
2971584,yes
2972275,yes
5833714,no
4154813,no
10846389,no
2963211,yes
8661547,yes
3148340,yes
3126670,no
4933624,yes
3190478,no
2925303,yes
7300666,yes
2984469,yes
4098419,no
2543474,no
5330870,yes
5337004,no
5337099,yes
5336854,no
5337238,yes
5337238,yes
5337147,yes
5336863,yes
5336863,yes
5356514,yes
3144813,yes
3144718,yes
2661140,no
3034015,yes
5420912,yes
7300476,yes
7994517,no
4160376,yes
4160417,yes
4160336,yes
4160417,yes
8338112,no
4160395,no
2702901,yes
3738444,yes
11166905,no
11208838,yes
11161239,yes
2867627,yes
3973001,yes
2537743,no
9129313,no
9031899,no
9154166,no
5465199,no
4924659,yes
3140709,no
6410563,yes
3777102,no
7263961,yes
7263961,yes
11161239,yes
10689300,yes
3784961,no
7264786,yes
4025651,no
7289990,no
7648181,yes
4024787,no
7289931,no
2650524,yes
4024491,yes
5242097,no
11131846,yes
2703873,yes
2955802,no
8114276,no
2970418,yes
5607947,yes
7307251,yes
7307077,no
7621903,yes
3152825,yes
3152873,yes
3685274,yes
3190002,yes
4178692,no
4178655,no
3033977,yes
4176811,no
7304140,yes
4175881,no
8956507,yes
4176811,no
4182444,yes
7304563,yes
7304561,no
7304473,no
7304456,no
7678553,no
5332697,no
5332931,no
8857371,no
5332934,yes
5332326,no
2733469,yes
2733400,yes
5260693,no
5409093,yes
5604907,no
5408737,yes
7373525,no
3792408,no
3792345,no
2969156,yes
5598598,yes
5598756,no
5598694,no
5598551,no
5598533,no
7272667,no
7272667,no
8153714,no
7272715,yes
5334240,yes
7272559,yes
4129475,yes
4028726,no
7290245,yes
3823889,yes
2900018,no
2784179,no
7322187,yes
8924323,yes
5420987,yes
5420987,yes
8129014,yes
5545149,no
2874601,yes
2874599,yes
5305826,no
5421047,yes
6435171,yes
3834730,no
3834748,no
3834730,no
7299714,yes
7299573,yes
2928809,yes
2532720,no
7474247,no
3885429,yes
4204693,no
7328835,no
8090622,no
5395405,yes
5395495,no
5395439,no
3640651,no
8393328,no
3639584,no
3683440,no
3172294,yes
3172294,yes
2753253,yes
2752997,yes
2753380,yes
5592834,no
3836683,no
5328736,yes
6033875,yes
5415005,yes
7630618,no
5563158,yes
5415004,yes
7370121,no
5563114,yes
5415001,yes
5421342,no
7685583,yes
8394552,yes
7304587,yes
8353374,no
7304569,yes
5685734,no
7304540,no
5685604,no
8017591,no
7304587,yes
7304430,no
5685870,no
7304428,no
10975167,yes
8172138,no
3733807,yes
3733766,yes
3171892,yes
8125066,yes
7663721,yes
7648981,no
8602699,no
11067359,yes
3733532,no
7425928,no
11084629,yes
2650772,yes
7966726,yes
7326156,yes
2873861,yes
4143825,yes
5306140,yes
5950977,no
5306098,no
5322999,yes
5323250,yes
5322976,no
5306131,no
5306206,yes
9410332,yes
9294395,yes
3702542,yes
3802772,yes
5243258,no
2535209,no
10852503,no
2930364,yes
6385660,yes
8213721,yes
2688393,yes
2688424,yes
5326154,yes
7920353,yes
3744314,yes
3744838,yes
2650436,yes
7370132,no
3744838,yes
5427065,no
7328514,yes
7328466,no
5354459,yes
4006265,no
4005921,yes
3169331,yes
4005565,yes
4005833,no
4005402,yes
4005384,no
4005004,yes
7290872,no
4007786,no
4007652,no
7290557,no
6365649,yes
6365636,no
3073960,yes
3074438,no
3074272,yes
3074007,no
3074251,yes
3074333,yes
3764424,no
7262552,no
3764318,no
9130387,no
3037402,no
3037393,no
3037404,yes
5639173,no
7287970,no
5638948,no
5638877,no
4179394,no
4178688,no
7469276,no
4178023,no
4177874,yes
7304278,yes
2883272,yes
3719799,no
3719671,no
7736989,yes
9477469,yes
3718679,no
7330858,no
7330847,no
7330845,no
7368771,no
7629259,no
3153695,yes
9605163,yes
3033905,yes
7828251,yes
3981498,yes
3981426,yes
2813396,yes
8135111,no
3745210,no
7335142,no
3745235,no
7604003,no
3745240,yes
5301462,no
2758480,yes
5301451,yes
5301424,no
5301445,yes
6441622,yes
2985939,no
2985933,yes
2985930,yes
2985940,yes
3090169,no
3874179,yes
2668059,no
2685721,yes
2685711,yes
3619255,no
3619217,no
3172561,yes
3894764,no
5310858,yes
3152102,yes
3743573,no
3743505,yes
2901155,yes
2901155,yes
2901155,yes
2901184,no
5383936,yes
5421180,yes
3169625,yes
5536025,yes
5536040,no
8386557,no
5352522,yes
5352523,yes
7279431,yes
2718767,yes
3583416,yes
9452699,yes
2714915,yes
3190508,yes
2952236,yes
8813286,no
5248629,no
7719797,no
3140510,yes
7403263,yes
7403263,yes
3140490,yes
3134219,yes
9072021,no
2874672,yes
2874524,no
2874672,yes
8452585,no
3989199,no
3988950,yes
3188725,yes
4927610,no
3188724,yes
3988234,yes
7882739,no
3098702,no
3098694,yes
3661151,yes
3126674,no
5529331,no
5529383,no
5529331,no
5529313,no
2928631,yes
2928525,yes
2928551,yes
2928531,yes
2928699,yes
8249252,no
2928545,yes
8227635,yes
2928565,yes
7740059,no
2928524,yes
2928562,yes
2928547,yes
5294824,yes
3085038,yes
5297939,yes
2544188,no
5380959,yes
4143195,yes
2543487,no
7308656,yes
8060712,yes
5608825,no
5608806,no
7274221,no
8151301,yes
8151301,yes
3115579,yes
3100745,yes
8015209,no
3115544,no
2905493,yes
2905423,no
2905600,yes
2905562,no
2905416,no
2905721,no
2905665,no
2905255,yes
2905600,yes
3682778,yes
7325895,no
3684739,no
3682067,yes
7326085,yes
3682150,no
8392779,yes
7325957,no
3172267,yes
3683063,yes
3682722,no
3682697,no
8388464,no
7587215,yes
3682207,yes
3683063,yes
3072953,yes
3072900,yes
3073017,yes
3072985,yes
3073016,yes
3054368,yes
2701311,yes
2701743,yes
2684363,yes
2684690,yes
3173105,yes
3781690,no
3772863,no
7447231,yes
5576378,no
7660234,no
3773565,no
7264292,no
7840408,yes
5378775,yes
5378750,yes
8004482,yes
5378594,no
5378588,no
5378613,no
5378663,no
5378721,yes
5378650,yes
5378668,no
5378605,yes
8004482,yes
5378500,yes
5421429,yes
3001252,no
3001244,yes
3152377,yes
3939515,no
3152775,yes
3152776,yes
3060998,yes
2885079,yes
2885150,yes
2885158,yes
3659592,no
3659566,no
3662866,no
3190640,no
3190638,yes
3662594,no
3662228,no
3152920,no
3153727,no
3153629,no
4102185,no
3596820,yes
2761352,yes
2761370,no
2688570,no
5383240,yes
2714640,no
2715877,yes
2714453,yes
7298701,yes
7298701,yes
7312245,no
3576857,no
12227408,no
7653972,yes
3574964,no
5274875,yes
3172618,yes
8370958,yes
3171304,yes
5352176,no
2965531,yes
9151957,yes
8618436,yes
3858034,no
3865034,no
5416091,yes
5415976,yes
5415885,yes
5415832,yes
5380873,yes
3662338,yes
3188511,yes
3188511,yes
3861607,yes
3188511,yes
3188511,yes
3870782,yes
3648198,no
3156594,no
3156618,no
8365307,yes
5355812,no
5355720,no
5355731,yes
5355890,no
5355767,no
5355677,yes
5355765,no
5355675,no
7629955,yes
2969284,yes
2969284,yes
7956125,no
2883768,yes
3086240,yes
2706022,yes
2706026,yes
3787999,no
2900469,yes
7461054,no
7289342,yes
5407003,yes
9381433,yes
3084611,yes
2874580,yes
2874581,yes
7317763,no
3747279,yes
2765991,no
11070196,no
8238520,no
2645228,no
2645412,no
2594602,no
5339879,yes
7735510,no
5339867,no
7356096,no
7976478,yes
5339822,no
5339822,no
7736972,no
7533157,yes
8201391,no
3054181,yes
5361889,yes
5361944,yes
7262430,no
7262379,yes
5361888,yes
3905218,yes
7309491,no
2926630,yes
8356260,yes
7960832,no
2951381,yes
2951561,no
2951361,no
2951365,yes
2951361,no
2951499,yes
2951499,yes
2951358,yes
2951398,yes
8160440,no
8364646,yes
3849681,no
3849625,no
3152036,yes
2764625,yes
2764572,no
7304495,yes
4180166,no
4180094,no
4179980,no
4179928,no
2919563,no
3702171,no
3190712,yes
5353534,yes
7264801,no
5421126,yes
2650930,yes
7317019,no
3169756,yes
2836743,yes
2836760,no
2836625,no
2836643,no
2836663,yes
2836735,yes
7263193,no
2705687,yes
2928775,yes
2928774,yes
3873399,no
5384050,no
3882132,no
3219423,no
10671196,no
9444220,yes
4178276,yes
3620237,no
3683008,yes
7326947,yes
3697240,no
7365664,no
2882422,yes
5592249,yes
5592249,yes
5341503,yes
2738422,yes
5312759,no
5312847,yes
2927097,yes
2927096,yes
3898584,yes
2927094,yes
2927100,yes
3695976,no
3617566,yes
6027314,no
5371886,yes
6027270,no
3188875,yes
3686148,yes
3686148,yes
3683091,no
5415040,yes
3683049,no
4196920,no
2732290,yes
5566677,yes
5341747,yes
6378623,no
5384142,yes
7321401,yes
2650129,yes
2650137,yes
2774193,no
2774199,no
2774242,no
2774251,yes
2774158,yes
2774189,no
2764792,yes
2764756,no
2764565,no
2764680,yes
2764739,yes
2764666,no
5594616,no
5421333,yes
8190743,yes
2762680,yes
2762920,yes
2762752,yes
3750363,no
2762752,yes
3750389,no
2762907,yes
2892564,no
2892462,no
2892462,no
3846786,no
2892654,yes
2892634,yes
2892470,yes
2892612,no
2892557,no
8251682,no
2892557,no
2892573,no
2892566,no
8399179,no
5337697,no
3745841,no
5384501,no
5391561,no
5391574,no
3745012,yes
3745012,yes
3576300,no
5361760,yes
5406817,yes
2902953,yes
3721069,no
3719723,yes
7330934,no
3702532,no
7326135,no
7326127,yes
2687767,no
2687779,yes
2687771,yes
4100198,yes
3926315,no
2858963,yes
3836590,yes
5339131,no
5339133,yes
2909933,no
3024763,no
5415356,yes
2882449,yes
5293638,no
3623479,yes
3623331,no
4177810,no
8423521,no
4180548,no
2896888,yes
8141806,no
7304510,yes
3188512,yes
3869354,no
5914287,yes
5914287,yes
7321382,no
2971041,yes
7269637,no
7269671,no
7269635,yes
7707713,yes
3152125,yes
3621425,no
5407492,no
3157419,no
3867900,yes
3866993,no
3866689,no
3865790,yes
3867465,no
3864081,no
3864878,no
3863519,no
2927208,yes
2927192,yes
2927198,yes
8707933,yes
8974899,yes
2927175,yes
3062960,yes
9270166,no
9590157,yes
5341744,yes
7324214,yes
9504389,no
9636531,yes
9452352,yes
11378775,no
9619573,yes
3881888,yes
3882008,no
7330039,yes
2908524,no
4259928,yes
3075537,no
5396042,yes
7265907,yes
2650730,yes
2650725,yes
3837694,no
3837612,no
3837596,no
7269555,no
8406468,yes
10689300,yes
2650536,yes
4024497,no
3884817,yes
7348453,yes
8285895,no
3987892,yes
7631076,no
3153099,yes
3153749,no
3152997,yes
3153515,no
3153687,no
3153460,no
5398634,yes
3156581,no
3156581,no
2774152,no
2774236,no
2774190,no
2774211,no
2774146,no
5340982,no
5340994,yes
5340801,yes
7300629,yes
7300622,no
7300607,yes
4099347,no
2954036,yes
5355540,yes
5355460,no
5355447,yes
3157920,no
3157950,no
7414934,yes
3891796,yes
3892020,no
7308026,yes
3891796,yes
2703459,yes
2703459,yes
5600809,no
3866460,yes
3866460,yes
3865497,yes
7425723,no
3172278,yes
12193232,no
7319895,yes
3645928,yes
3645975,yes
2876094,no
7473922,no
5329515,yes
2537081,no
2537689,no
8031042,no
8211958,yes
8427624,yes
2891707,yes
2904174,no
5938740,no
3188629,yes
3581762,no
3830169,no
2974683,yes
3200167,no
2909579,no
2909527,yes
2909568,no
2909494,no
2909527,yes
7316516,yes
3083486,yes
7155259,yes
5603062,yes
5372264,no
8877811,no
5372282,yes
5372237,no
5372258,no
5372258,no
5327986,no
5327407,no
5327758,no
9179088,no
5327262,yes
5327465,no
5327293,yes
7676418,no
5328456,no
9118025,no
2705141,yes
4108550,no
2705090,yes
4132778,yes
2705093,yes
4125606,yes
3071450,no
5246153,no
2888443,yes
2888439,yes
2833897,yes
2825331,yes
11058058,no
5535809,yes
5535800,no
8706839,no
6365575,no
5591147,no
9827170,no
3153077,no
3153413,no
3835649,no
7269299,no
3835430,no
3835370,no
3785626,no
7307593,yes
3778290,no
3778250,no
10951389,no
5669693,no
5295915,no
5295940,no
5295967,no
5295889,no
5295878,yes
5295889,no
5295929,yes
5295918,no
5295953,no
5357217,yes
2606268,no
2981777,yes
7317262,yes
3086784,yes
7293862,yes
5659228,no
3039209,yes
2705610,yes
2705656,yes
2705565,yes
2705622,yes
2705610,yes
2874199,yes
3586827,no
2874190,yes
2874211,yes
2874218,no
2874210,yes
7313377,no
2874183,yes
3587992,no
6058841,no
6058838,yes
4093224,no
3727084,no
3727077,yes
2924656,yes
2924801,yes
2924821,no
7776337,no
7776337,no
7693097,no
2819188,no
2819176,yes
3069168,yes
3069168,yes
3662411,no
9609002,yes
2774071,yes
2774068,no
2774071,yes
4099443,no
4100721,yes
7916114,yes
7740279,yes
4100582,no
8110229,yes
2952775,yes
3188706,yes
5671747,yes
5828197,yes
3146542,yes
3037075,no
3152140,yes
5706256,no
5706258,no
3580320,yes
7796168,yes
4256028,yes
2985709,yes
3086371,yes
3086412,yes
3086448,yes
3829373,yes
5341394,yes
5341394,yes
5341394,yes
6022628,no
6030808,no
6030808,no
2817539,yes
2817570,yes
5575270,yes
3034046,yes
7794531,no
2928859,yes
2925536,yes
7828157,yes
7387256,no
3708935,no
3727321,no
3093337,yes
3093276,no
5333350,yes
7300516,yes
5670477,yes
5361841,yes
5670102,no
7300464,no
5361830,yes
7300944,yes
8592945,yes
6027046,no
6027010,no
2739424,no
2739380,no
2739380,no
5285244,yes
5285824,yes
5284993,no
5285215,yes
5285119,yes
4183601,yes
4187904,yes
8411176,no
7305600,no
7606629,no
7712570,no
4187587,no
4191172,yes
3086338,yes
4186201,no
4191302,no
3086357,yes
4185956,no
4188298,no
3086342,yes
4191172,yes
2525455,no
3086260,yes
3086267,no
7321836,yes
2870583,yes
5347846,yes
7303859,no
4161934,no
7303830,yes
7303822,no
8677924,yes
2962831,yes
2966766,no
7273243,no
5334022,no
5334135,yes
7303104,yes
9118978,yes
3189767,yes
4097963,no
7148630,yes
4024927,yes
4024810,no
3164340,yes
5341313,yes
5341492,yes
5321422,no
3836705,no
3792354,yes
2526548,no
3132665,no
3132728,yes
3132668,yes
3082286,yes
3082282,yes
3169673,yes
3169677,yes
3169674,yes
3169674,yes
5285930,yes
5286088,yes
5286119,no
7875312,no
8336561,yes
2682988,no
4105598,yes
4105523,yes
7308947,yes
7308947,yes
2926672,no
3900110,no
3899718,no
3899613,yes
7308820,yes
4013131,yes
10868891,no
5303500,no
5303492,yes
5303488,no
7891136,yes
3648128,no
3156422,yes
7951385,no
3648917,no
3156325,yes
3156468,no
3807196,no
3085781,yes
3817423,no
3816619,no
3085381,yes
7293502,yes
7711084,yes
4049620,no
3191438,no
7293659,no
7293659,no
7293443,no
7293419,yes
3191373,yes
4051511,yes
4049324,yes
7293626,yes
4050793,yes
7293419,yes
4052167,no
2770124,yes
2770022,yes
2770228,yes
8369157,no
4034001,yes
7291589,yes
6391007,yes
2889304,yes
4036385,no
7585543,no
6391450,yes
8323622,no
4034909,no
2889262,yes
8738365,no
6391150,yes
7291547,yes
8879994,yes
4033932,no
2889229,yes
4033763,no
4033648,yes
6391194,yes
5334440,yes
4033482,yes
4033392,yes
8639412,no
7291203,yes
7537964,yes
4032517,no
4034380,yes
7291143,yes
7897412,no
7610271,no
4028577,no
9284704,no
7652320,no
3035891,yes
3035652,yes
3035681,yes
3035778,yes
4041108,yes
7319737,yes
4039606,yes
4046493,yes
2965911,yes
5829094,yes
3676901,no
5829182,no
2549306,no
7929792,no
3084700,yes
3084719,yes
3084704,yes
3084699,yes
5301162,yes
7289668,yes
5301141,yes
8228815,yes
5366582,no
5536681,no
8694659,no
5330311,yes
5330323,no
5330416,no
5330343,yes
5330394,yes
2884162,yes
7300542,yes
7300542,yes
2984383,yes
5408864,yes
5409107,yes
3898144,no
7713954,yes
3897681,no
3898091,no
3898091,no
3897681,no
3897506,no
3896962,yes
3896998,yes
7308474,no
3896151,no
7657266,yes
2925346,yes
5641841,yes
2909739,no
2858034,yes
11533784,no
11743480,no
11424159,no
5341297,yes
7818643,yes
3021409,yes
3023388,no
3022372,no
3021046,yes
8149923,yes
3022290,yes
3021120,yes
3021987,no
9450473,no
9450473,no
8082633,no
3772966,yes
3867968,no
7521283,yes
3034930,no
3034944,no
4108097,no
5420641,yes
5420380,yes
2688176,yes
8113170,no
2944683,yes
2923698,no
2920379,no
10762800,no
2902122,no
2920124,no
2923401,no
2920037,yes
2921166,no
2923582,yes
2923401,no
5275012,yes
4043279,no
5275396,yes
7310193,yes
5275404,yes
5614040,yes
3914366,yes
11253557,no
5614469,yes
5614244,no
5275415,yes
7310193,yes
5613834,yes
5613847,yes
5275398,yes
7804678,yes
3642713,no
5349242,yes
5349297,yes
3054377,yes
4205741,yes
5392205,yes
3669210,yes
5835447,yes
7718791,no
7421705,no
8186593,yes
3770405,no
2977697,no
2977636,yes
2977636,yes
2977636,yes
10790577,no
2977687,yes
5420901,yes
3076079,no
3830661,no
9227816,no
2984241,yes
2730407,yes
2730818,yes
3118284,yes
2888269,yes
3172569,yes
5648372,no
5648124,yes
7290072,yes
5647933,no
5647926,yes
5647918,yes
5647774,no
5647804,yes
5363119,yes
5362639,yes
5362786,yes
3155559,no
2542126,no
12184376,no
12246654,no
5311077,yes
2524108,no
6014310,no
2928598,yes
2928598,yes
2928534,yes
2928576,yes
5350466,yes
5350438,yes
5350452,yes
8198582,yes
7624816,no
2520519,no
2520862,no
7519086,no
3190154,yes
2765625,yes
3775841,no
3775530,no
5685056,no
5685051,no
7304665,no
5293119,yes
5293182,yes
5293121,yes
2838675,no
2838684,no
12198903,no
2534085,no
9109424,no
3000384,yes
11687463,no
5290149,yes
5290154,yes
5290149,yes
2925445,yes
5302787,yes
2762365,no
5341112,yes
3858407,no
5381567,yes
5382589,yes
5381782,no
5381460,no
5381789,no
5381660,yes
5381279,yes
5381514,yes
5382478,yes
5381534,no
5382780,yes
5382061,yes
5381590,no
2948557,yes
2948577,yes
2948568,yes
5677245,yes
5290171,yes
5290171,yes
5290168,yes
8618631,no
7795317,yes
2650532,yes
3797084,yes
5341792,yes
5341792,yes
5341784,yes
2946860,yes
3084022,yes
3084015,yes
3084022,yes
3190647,yes
3190660,yes
2877959,yes
2876873,yes
2878058,no
2879787,yes
7454619,no
12203608,no
4092587,no
4092370,yes
4092178,yes
2919363,yes
2910934,no
3846139,no
3846139,no
2919796,no
2910886,yes
2891981,yes
7276807,yes
7823272,yes
3033374,yes
7678610,yes
7678610,yes
9588039,no
9622801,no
3618324,yes
3618307,no
3618214,no
3616228,yes
3617453,no
3169787,yes
3616339,yes
3169782,yes
3616228,yes
3616215,no
3169770,yes
7323104,no
7516558,yes
2772865,yes
7265761,yes
2731082,yes
2871956,yes
2786221,yes
2889173,yes
3567756,yes
7273631,yes
8181645,no
8181645,no
3039481,yes
2733400,yes
2736747,yes
5329707,yes
5826049,yes
5329674,no
5329733,yes
5329683,no
5329755,no
5371542,yes
2888865,no
2888864,yes
7263230,yes
3086526,yes
10920169,no
3185961,no
3185980,yes
5282534,no
5282529,no
7327627,yes
7327638,yes
7327638,yes
4163870,no
4170281,yes
7328295,yes
4169836,yes
7327627,yes
7135625,no
7329102,yes
3179997,yes
4195070,yes
3190553,yes
3190553,yes
5350585,yes
5350625,yes
3114400,yes
2720668,yes
5315188,yes
6365525,yes
5380041,yes
2818868,yes
3053506,no
3053336,yes
3053159,yes
3053472,yes
7701037,yes
3004286,no
8342804,no
3005039,yes
3002751,yes
3005689,no
3003244,yes
3009087,no
3009087,no
3011488,no
3197849,no
10902460,no
3188674,yes
7122825,yes
2704075,yes
4067141,yes
3686933,no
3686955,yes
7780480,yes
7780480,yes
2892192,yes
2892190,no
3854482,no
2999072,yes
2999072,yes
8108495,yes
2990916,yes
2991304,no
2989835,yes
2993394,no
2998645,no
2989183,yes
2991314,yes
2991373,yes
2991314,yes
2990632,no
9104804,no
8234521,yes
9499508,no
7836393,no
5573538,yes
7575722,yes
5415418,yes
2888995,yes
2888951,yes
8195144,yes
2889038,yes
7291214,yes
2888980,yes
7291884,yes
4038319,no
7264305,no
3780135,no
5414601,yes
9223923,no
2551318,no
3359641,no
2551542,no
2551331,no
2551447,no
9223923,no
2551415,no
2551423,no
2551356,no
3190382,yes
8020907,no
7673811,no
8274825,no
8238324,no
2703626,yes
2599166,no
2703912,yes
2703935,yes
2703929,no
7273915,no
3876620,no
3876365,no
3039516,yes
7952995,yes
5329055,yes
5328972,yes
5328972,yes
5414293,yes
5580134,no
5372639,yes
5582578,yes
5421447,yes
7130426,yes
9278365,yes
2927064,yes
7308369,no
3891879,yes
3888263,yes
8257977,no
5579449,no
5274858,yes
2972960,yes
3856236,yes
6369819,yes
3850843,yes
3639353,yes
6027090,yes
11094726,no
10961470,no
10754273,no
11041822,no
2889785,yes
3029627,yes
7264721,no
8017915,yes
3063658,no
3054385,yes
3054418,no
3054399,yes
3085360,yes
3638241,yes
5359533,yes
9671576,yes
5359538,yes
7339073,yes
5339133,yes
3988179,no
7311731,no
3859587,no
2883657,no
3573208,no
3597414,yes
3196783,no
3196682,no
3197021,no
3197104,no
3782041,no
4178417,yes
7270803,yes
7270795,yes
9197670,yes
9378741,no
9422573,no
9255586,no
5569040,no
11251124,no
5304014,no
3032762,yes
6358362,no
5546217,yes
2873712,yes
2873716,no
2710683,yes
7953794,yes
2710499,yes
2710716,yes
5827389,yes
2710575,yes
2720239,yes
2710783,no
2712752,yes
2712534,yes
2712571,no
2712367,no
2712569,yes
5549816,yes
3074608,yes
7312404,yes
7293407,no
2874612,yes
5361983,yes
5362004,yes
3710063,yes
7329760,no
3710030,yes
7329850,yes
8296326,no
5836557,yes
7329855,yes
4940372,yes
5836522,yes
7329748,no
7822515,yes
7456426,yes
8418766,no
4940390,yes
8458690,no
2688211,yes
3710109,no
8688934,yes
3660308,no
3659611,no
7679003,no
8072672,no
5392375,yes
5405661,yes
5392375,yes
5402685,no
3107839,yes
3114151,no
3108547,no
7985572,yes
2956947,yes
2958032,yes
2958076,yes
2957241,yes
2958015,no
2958100,yes
2957408,yes
2957966,yes
2956905,yes
2957379,yes
2957247,yes
2958052,yes
2957569,no
2957728,yes
12254482,no
3172622,yes
2970721,yes
7645889,yes
2970672,no
2970721,yes
2970648,yes
2970756,no
3084883,yes
5289663,yes
5828197,yes
5289698,yes
2702958,yes
2929691,yes
2929848,yes
2930439,yes
2930569,yes
2930617,yes
9150405,no
2931076,no
2931104,yes
2931104,yes
2930222,yes
2930705,yes
2929920,yes
2932389,yes
2930262,yes
3803413,no
2931071,no
2930642,no
2931914,yes
2930210,yes
5536848,no
5388989,yes
6446462,yes
3105813,yes
3105782,yes
8228544,yes
3105682,yes
3858329,yes
3870658,no
3871045,no
3870220,no
5406998,yes
5635606,yes
5635599,no
5635568,yes
3731827,yes
2959073,yes
2958970,yes
2958966,no
2958909,no
2705181,yes
2705189,yes
2702424,yes
3172574,yes
2816456,yes
2816418,yes
2765527,no
2977023,no
2977087,no
2977014,yes
2977064,no
2977075,no
5386744,no
5386720,yes
5386764,yes
5386757,yes
3083647,yes
4153053,yes
8170635,yes
2805433,yes
4097481,yes
6025781,no
3218108,no
3190595,no
3661030,yes
4149809,no
2704757,yes
4150685,no
7729020,yes
8302135,yes
3094648,yes
5289679,yes
5289684,yes
5593924,yes
4096300,no
7510169,no
12225557,no
10849882,no
2978097,no
2947916,no
3933670,yes
5406739,yes
5406755,yes
5406747,yes
5617952,yes
5406735,yes
5406735,yes
5617374,no
3125899,yes
3125901,yes
6063463,yes
2758446,no
3145214,yes
3047621,yes
2943376,no
3114151,no
3888286,no
7269619,no
7740617,yes
3837891,no
3837950,no
7291048,no
5651170,yes
3145311,yes
2769313,no
5295393,yes
5295278,yes
5295415,yes
5295657,no
5295395,yes
5295472,yes
5295118,no
5295764,no
5295411,no
5295506,yes
5295425,yes
5295300,no
5295209,no
5295221,yes
7833054,no
5295267,no
5295178,no
5295269,no
5295689,yes
5295457,no
5295719,no
5295291,no
5351145,yes
5351153,yes
2930617,yes
2929362,yes
2932737,yes
2930006,yes
2931461,yes
2931682,no
3158672,yes
3886420,no
2650747,yes
7585974,no
7395253,no
2925463,yes
7303923,yes
9424723,no
9512611,no
4090155,yes
4191612,no
3774764,no
3773847,no
4079570,yes
9057266,no
5384606,yes
7268161,yes
2863338,no
3676597,no
2863331,no
2863329,no
2863358,yes
4079023,yes
5945781,no
5592659,no
5592650,no
5592644,yes
5592611,no
5592887,no
5592851,no
7268792,yes
7268792,yes
5592812,no
5592802,yes
5592774,no
5592764,no
5592751,no
5592737,yes
5592725,no
7161901,yes
5406675,yes
7982112,no
7510468,no
6029583,yes
7797610,yes
8039569,no
5547750,no
8209772,no
7298473,yes
4092275,no
4092232,no
4092069,no
2553128,no
2873675,no
3125557,yes
7550484,no
6042838,no
8385615,yes
2963569,yes
5371679,no
5541420,no
5371676,no
3000406,yes
10242935,yes
3767205,yes
7801475,no
3763799,no
3572291,yes
3572291,yes
3572286,no
2765086,yes
3171162,no
3729236,no
7486344,no
3769099,no
7263204,no
8068041,yes
3781355,no
7890077,no
8750274,no
3778364,no
3620496,no
7567945,yes
8685745,yes
3169609,yes
3619595,no
3063337,no
3063337,no
3144503,yes
5645091,yes
5645864,no
5645598,no
5645763,no
7753254,no
5645162,no
5414399,yes
5645561,no
5645124,no
7289431,no
5645841,yes
3083541,yes
7623986,no
8146046,no
7777157,no
3054898,yes
5596405,yes
5596405,yes
7318843,yes
7318817,yes
3643282,no
7318819,yes
8134327,no
7318867,yes
3643394,no
7475142,no
7318796,yes
7157705,yes
11043902,no
7902154,yes
7318913,yes
3644079,no
7558421,yes
5404991,yes
5402653,yes
5402685,no
5402666,no
3183002,yes
2712931,yes
5239982,no
5239937,no
5239959,no
3788757,no
3879445,no
3879433,yes
3879170,no
3739722,no
3171787,yes
3736706,no
7309014,yes
5609933,yes
5609736,no
7996273,no
7308714,yes
5609094,no
5608728,no
7308178,no
7307981,no
3846350,yes
12249736,no
12192019,no
8322892,no
12228799,no
12073375,no
3037726,no
3038037,no
11133444,no
11022070,no
11047823,no
11666386,no
12213608,no
3037964,no
12204268,no
10969799,no
10940386,no
10947924,no
12179093,no
12250422,no
3038373,no
12239243,no
12248347,no
3591410,yes
7493943,yes
3591508,no
3660419,yes
7696841,yes
8320641,no
3745220,no
3745294,no
3745285,no
2867982,yes
7613402,no
8637348,yes
5241128,no
3189945,yes
5383983,yes
3902179,no
3183017,no
3182771,yes
3183840,yes
3183602,no
3182746,no
3182536,yes
3183534,yes
7370452,yes
3184509,yes
3182288,yes
3183180,yes
3183714,no
3184294,no
3182824,yes
3618689,no
3618589,no
8172343,yes
3169625,yes
3615179,no
2755905,yes
2755852,yes
2755866,yes
2755891,yes
2755849,yes
2755865,no
3968877,no
7816203,yes
2950855,no
2950828,yes
3088488,yes
3088488,yes
3084672,yes
3084670,yes
2975768,yes
2874696,yes
3613074,no
5393992,yes
5394163,yes
8316155,no
2896248,yes
2895971,no
2896278,no
7486344,no
4001323,no
4001208,yes
7287929,no
4001492,yes
4001432,no
7287927,yes
4001841,no
2682666,no
2684191,yes
8641859,no
5284540,yes
3172492,yes
5654301,yes
7724229,yes
6055063,yes
7347153,yes
8059703,no
8168998,yes
2925649,yes
9696911,no
3570803,yes
3582581,no
5342186,yes
5342239,yes
5342323,yes
5342176,yes
8777864,yes
7810338,no
3189390,yes
4934232,no
3189394,yes
3698427,no
3189388,yes
3189391,yes
7905334,no
3339816,no
3591610,yes
3189627,yes
5680962,yes
5681347,yes
8012467,no
7370317,no
5594377,yes
7269372,yes
5594365,yes
5594350,no
5554574,no
4205817,yes
3035275,yes
5658487,no
5658487,no
5659216,no
5658446,no
5658428,no
8249935,no
7293693,yes
5659275,yes
7293943,no
5659220,no
5658284,no
5659141,no
7293896,no
7308137,no
3892778,no
7307951,yes
7796912,yes
3831076,no
7388872,no
7520328,no
3830041,no
3830649,no
11546126,no
3830295,yes
5833715,yes
5396557,yes
10789822,yes
7271510,no
7271504,yes
7271494,yes
3172204,yes
3725985,yes
7331731,yes
3725895,no
3725668,yes
3172204,yes
3724873,yes
4938291,no
3034820,yes
4064788,no
4062031,yes
3190624,yes
3581800,no
3581786,yes
7379469,no
3153128,no
3801464,yes
10931636,no
2771412,no
5303903,no
3197381,no
5550210,no
3788072,no
5272281,no
5525681,yes
10787822,yes
10947397,yes
8315348,yes
5289461,yes
5289477,yes
7893085,no
2869495,yes
2869538,yes
2869559,yes
8317447,yes
3928537,no
7160198,no
8227935,no
2703474,no
2703467,yes
7617369,no
3152205,yes
7279053,yes
3152795,yes
3169652,yes
7317524,yes
7317495,no
7317471,yes
7317585,no
3588734,no
3588480,no
2846723,yes
7122389,yes
2702911,yes
2684855,yes
5415463,yes
5574269,yes
7791058,no
5415458,yes
7263605,yes
5415456,yes
5415456,yes
5415460,yes
2816952,yes
5341442,yes
4060185,yes
3071455,no
4124764,yes
5304075,yes
4940054,no
3618652,no
7317023,no
3169713,yes
2739071,yes
11442972,no
2765221,yes
2765230,yes
2765359,yes
9208081,no
8367739,no
3365664,no
2549396,no
2548311,no
3188757,yes
4204463,yes
3188757,yes
4159501,no
2984507,yes
2984508,no
9645698,no
5237434,no
7577590,no
3037345,yes
3037328,yes
3037328,yes
5378648,yes
3084848,yes
5421117,yes
5421116,yes
3852273,yes
3852273,yes
3852273,yes
7294697,yes
3324883,no
8068501,yes
2874605,yes
3625207,no
2874605,yes
3624240,yes
7317673,no
7317658,no
7317608,no
7317567,yes
3622850,no
7317548,no
3149462,yes
7323919,no
8324121,yes
5358748,yes
5360475,yes
3063373,no
8318567,no
3063453,no
3063407,no
5535699,yes
2865504,yes
2783158,no
2803346,no
7273609,yes
3874548,no
3877734,no
7274033,no
3877500,no
3171939,yes
2925529,yes
3074906,yes
3074918,yes
3087253,no
3125210,yes
3139970,no
6445734,yes
4239512,yes
5396827,no
4219232,yes
4238901,no
5397081,no
7493619,no
4212820,yes
4238873,no
4212811,no
7711708,no
6445734,yes
4933937,no
3172086,yes
3730342,yes
3172083,yes
5677150,yes
3856469,no
8314393,no
7724310,no
7272546,yes
2888626,yes
7272613,no
3856151,no
2975287,yes
2974832,yes
2975014,yes
2893755,no
7989033,yes
2982508,yes
2982748,yes
2982533,yes
2982722,no
2982380,yes
2982455,yes
2982753,yes
2982583,yes
2982583,yes
2982583,yes
2982409,yes
3169707,yes
5664666,no
7296623,yes
8106870,no
7296357,yes
5663504,no
5331181,yes
5665503,yes
7296732,yes
5331347,yes
5664666,no
3063407,no
3190406,yes
5378876,no
7795888,yes
4261116,yes
7791388,yes
3152068,no
3152069,yes
2889934,yes
5310210,yes
7262496,yes
2643465,no
2643352,no
8348291,no
5273380,no
5273309,no
5273511,no
5273309,no
5273443,no
9467042,no
5338256,yes
5338176,no
5338199,no
5338160,no
5338193,yes
8104601,no
11069453,no
5338285,no
5338113,no
2956563,no
2956608,no
2956565,yes
2956573,no
2956550,yes
2956572,yes
2956594,yes
5535807,no
5535797,yes
3152253,yes
7278922,yes
2776790,yes
2705839,no
5340263,no
7788593,no
3407874,no
8699607,no
8001590,yes
3172406,yes
3154353,yes
3154314,yes
3154300,no
3154445,yes
3156914,no
3154343,no
3154300,no
7136320,yes
4175230,no
7328793,yes
4173549,yes
4173549,yes
4173549,yes
4172086,no
7328545,no
4167924,yes
4167330,no
8077641,no
8213018,no
2888763,yes
2889828,yes
2889828,yes
4068797,yes
4068906,yes
4068594,no
7797285,no
5371753,yes
7374978,no
2925565,no
2925564,yes
2925564,yes
8188339,no
7309306,yes
7309306,yes
8276186,yes
7309306,yes
2925558,no
2925561,yes
5658843,no
7293919,no
5372424,yes
8049561,yes
5832729,no
5372392,yes
4047699,yes
4047669,yes
5241445,no
5413733,yes
3851390,no
3851341,no
11316188,no
5406665,yes
5386813,yes
3116861,yes
3092303,yes
5386531,yes
9365162,yes
5338674,no
5338713,no
3742339,yes
7311258,no
5524676,yes
5524490,yes
3615322,no
5535575,no
5635525,yes
5665885,yes
5665840,yes
7908508,yes
5535418,yes
7316559,no
7317439,yes
7908508,yes
5536701,yes
5536694,no
2884028,no
3089154,yes
3089154,yes
7580773,no
4051497,no
2928381,yes
9209685,yes
2889811,yes
3459975,no
7976013,yes
7976013,yes
7976013,yes
5535803,no
3190517,yes
3190516,yes
3157037,no
7274207,no
3879719,no
2693047,yes
2692701,yes
2692968,yes
2557574,no
5387974,yes
7317904,no
7269121,yes
7716390,yes
3832937,yes
7268901,no
3837358,no
7859167,no
7269365,yes
3834800,no
8041480,no
3834419,yes
5290052,yes
10658050,no
7317778,yes
2859976,yes
2859952,yes
2859817,yes
2803042,yes
3111754,yes
2757155,no
2757068,no
2757184,yes
2757086,yes
2757202,no
2757280,yes
2757204,no
2757108,yes
5686490,no
10919373,no
3876846,no
7809440,no
3876080,yes
3039424,no
7273729,no
7273665,yes
5355266,yes
5355266,yes
2874570,yes
