key,nubKey,nameKey,taxonID,sourceTaxonKey,kingdom,phylum,order,family,genus,species,kingdomKey,phylumKey,classKey,orderKey,familyKey,genusKey,speciesKey,datasetKey,constituentKey,parentKey,parent,scientificName,canonicalName,vernacularName,authorship,nameType,rank,origin,taxonomicStatus,nomenclaturalStatus,remarks,publishedIn,numDescendants,lastCrawled,lastInterpreted,issues,class,basionymKey,basionym
5243447,5243447,17274702,gbif:5243447,176051895.0,Fungi,Basidiomycota,Agaricales,Agaricaceae,Agaricus,Agaricus bisporus,5,34,186,1499,4170,2518646,5243447,d7dddbf4-2cf0-4f39-9b2a-bb099caae36c,7ddf754f-d193-4cc9-b351-99906754a03b,2518646,Agaricus,Agaricus bisporus (J.E.Lange) Imbach,Agaricus bisporus,"Cultivated Mushroom, Field Mushroom",(J.E.Lange) Imbach,SCIENTIFIC,SPECIES,SOURCE,ACCEPTED,[],,(1946). Mitt. Naturf. Ges. Luzern 15: 15.,8,2023-08-22T23:20:59.545+00:00,2023-08-22T23:00:14.973+00:00,[],Agaricomycetes,,
5243458,5243458,304861,gbif:5243458,176051463.0,Fungi,Basidiomycota,Agaricales,Agaricaceae,Agaricus,Agaricus campestris,5,34,186,1499,4170,2518646,5243458,d7dddbf4-2cf0-4f39-9b2a-bb099caae36c,7ddf754f-d193-4cc9-b351-99906754a03b,2518646,Agaricus,Agaricus campestris L.,Agaricus campestris,Field Mushroom,L.,SCIENTIFIC,SPECIES,SOURCE,ACCEPTED,[],,(1753). Sp. Pl. 2: 1173.,6,2023-08-22T23:20:59.545+00:00,2023-08-22T23:00:13.956+00:00,[],Agaricomycetes,,
5954958,5954958,1532806,gbif:5954958,172025663.0,Fungi,Basidiomycota,Boletales,Boletaceae,Boletus,Boletus edulis,5,34,186,1063,8789,8287374,5954958,d7dddbf4-2cf0-4f39-9b2a-bb099caae36c,7ddf754f-d193-4cc9-b351-99906754a03b,8287374,Boletus,Boletus edulis Bull.,Boletus edulis,"Cep, Penny Bun",Bull.,SCIENTIFIC,SPECIES,SOURCE,ACCEPTED,[],,(1782). Herb. Fr. (Paris) 2: Tab. 60 (’1781-82′).,1,2023-08-22T23:20:59.545+00:00,2023-08-22T23:01:01.319+00:00,[],Agaricomycetes,,
7601434,7601434,1532251,gbif:7601434,117899997.0,Fungi,Basidiomycota,Boletales,Boletaceae,Boletus,Boletus erythropus,5,34,186,1063,8789,8287374,7601434,d7dddbf4-2cf0-4f39-9b2a-bb099caae36c,a43ec6d8-7b8a-4868-ad74-56b824c75698,8287374,Boletus,Boletus erythropus Krombh.,Boletus erythropus,,Krombh.,SCIENTIFIC,SPECIES,SOURCE,ACCEPTED,[],,,0,2023-08-22T23:20:59.545+00:00,2023-08-22T23:01:00.477+00:00,[],Agaricomycetes,,
2524910,2524910,17251667,gbif:2524910,172022584.0,Fungi,Basidiomycota,Boletales,Boletaceae,Tylopilus,Tylopilus felleus,5,34,186,1063,8789,2519844,2524910,d7dddbf4-2cf0-4f39-9b2a-bb099caae36c,7ddf754f-d193-4cc9-b351-99906754a03b,2519844,Tylopilus,Tylopilus felleus (Bull.) P.Karst.,Tylopilus felleus,Bitter Bolete,(Bull.) P.Karst.,SCIENTIFIC,SPECIES,SOURCE,ACCEPTED,[],,"(1881). Revue mycol., Toulouse 3(no. 9): 16.",3,2023-08-22T23:20:59.545+00:00,2023-08-22T23:01:04.008+00:00,['ORIGINAL_NAME_DERIVED'],Agaricomycetes,5955009.0,Boletus felleus Bull.
7888147,7888147,10875179,gbif:7888147,176034862.0,Fungi,Basidiomycota,Boletales,Boletaceae,Suillellus,Suillellus queletii,5,34,186,1063,8789,7240504,7888147,d7dddbf4-2cf0-4f39-9b2a-bb099caae36c,7ddf754f-d193-4cc9-b351-99906754a03b,7240504,Suillellus,"Suillellus queletii (Schulzer) Vizzini, Simonini & Gelardi",Suillellus queletii,Deceiving Bolete,"(Schulzer) Vizzini, Simonini & Gelardi",SCIENTIFIC,SPECIES,SOURCE,ACCEPTED,[],,"(2014). In Vizzini, Index Fungorum 188: 1.",2,2023-08-22T23:20:59.545+00:00,2023-08-22T23:01:04.898+00:00,['ORIGINAL_NAME_DERIVED'],Agaricomycetes,5954937.0,Boletus queletii Schulzer
7617313,7617313,41004493,gbif:7617313,172026078.0,Fungi,Basidiomycota,Boletales,Boletaceae,Butyriboletus,Butyriboletus regius,5,34,186,1063,8789,8405404,7617313,d7dddbf4-2cf0-4f39-9b2a-bb099caae36c,7ddf754f-d193-4cc9-b351-99906754a03b,8405404,Butyriboletus,Butyriboletus regius (Krombh.) D.Arora & J.L.Frank,Butyriboletus regius,Royal Bolete,(Krombh.) D.Arora & J.L.Frank,SCIENTIFIC,SPECIES,SOURCE,ACCEPTED,[],,(2014). Mycologia 106(3): 466.,1,2023-08-22T23:20:59.545+00:00,2023-08-22T23:01:07.855+00:00,['ORIGINAL_NAME_DERIVED'],Agaricomycetes,7180605.0,Boletus regius Krombh.
2535193,2535193,1583680,gbif:2535193,172062244.0,Fungi,Basidiomycota,Agaricales,Lycoperdaceae,Bovista,Bovista plumbea,5,34,186,1499,3297360,9441377,2535193,d7dddbf4-2cf0-4f39-9b2a-bb099caae36c,7ddf754f-d193-4cc9-b351-99906754a03b,9441377,Bovista,Bovista plumbea Pers.,Bovista plumbea,Grey Puffball,Pers.,SCIENTIFIC,SPECIES,SOURCE,ACCEPTED,[],,(1795). Ann. Bot. (Usteri) 15: 4.,2,2023-08-22T23:20:59.545+00:00,2023-08-22T22:59:57.467+00:00,[],Agaricomycetes,,
2535211,2535211,1583947,gbif:2535211,172062224.0,Fungi,Basidiomycota,Agaricales,Lycoperdaceae,Bovista,Bovista pusilla,5,34,186,1499,3297360,9441377,2535211,d7dddbf4-2cf0-4f39-9b2a-bb099caae36c,7ddf754f-d193-4cc9-b351-99906754a03b,9441377,Bovista,Bovista pusilla (Batsch) Pers.,Bovista pusilla,Dwarf Puffball,(Batsch) Pers.,SCIENTIFIC,SPECIES,SOURCE,ACCEPTED,[],,(1801). Syn. Meth. Fung. (Göttingen) 1: 138.,3,2023-08-22T23:20:59.545+00:00,2023-08-22T22:59:57.409+00:00,[],Agaricomycetes,,
5239851,5239851,41007481,gbif:5239851,176033862.0,Fungi,Basidiomycota,Boletales,Suillaceae,Suillus,Suillus cavipes,5,34,186,1063,8455,7414997,5239851,d7dddbf4-2cf0-4f39-9b2a-bb099caae36c,7ddf754f-d193-4cc9-b351-99906754a03b,7414997,Suillus,Suillus cavipes (Klotzsch) A.H.Sm. & Thiers,Suillus cavipes,Hollow Bolete,(Klotzsch) A.H.Sm. & Thiers,SCIENTIFIC,SPECIES,SOURCE,ACCEPTED,[],,(1964). Monogr. North Amer. Species Suillus: 30.,9,2023-08-22T23:20:59.545+00:00,2023-08-22T23:00:57.718+00:00,['ORIGINAL_NAME_DERIVED'],Agaricomycetes,7396544.0,Boletus cavipes Klotzsch
8733688,8733688,1530268,gbif:8733688,172025790.0,Fungi,Basidiomycota,Boletales,Boletaceae,Boletus,Boletus aereus,5,34,186,1063,8789,8287374,8733688,d7dddbf4-2cf0-4f39-9b2a-bb099caae36c,7ddf754f-d193-4cc9-b351-99906754a03b,8287374,Boletus,Boletus aereus Bull.,Boletus aereus,Bronze Bolete,Bull.,SCIENTIFIC,SPECIES,SOURCE,ACCEPTED,[],,(1789). Herb. Fr. (Paris) 9: Tab. 385.,2,2023-08-22T23:20:59.545+00:00,2023-08-22T23:01:01.190+00:00,[],Agaricomycetes,,
7550396,7550396,1842734,gbif:7550396,172026221.0,Fungi,Basidiomycota,Boletales,Boletaceae,Caloboletus,Caloboletus radicans,5,34,186,1063,8789,8399317,7550396,d7dddbf4-2cf0-4f39-9b2a-bb099caae36c,7ddf754f-d193-4cc9-b351-99906754a03b,8399317,Caloboletus,Caloboletus radicans (Pers.) Vizzini,Caloboletus radicans,Rooting Bolete,(Pers.) Vizzini,SCIENTIFIC,SPECIES,SOURCE,ACCEPTED,[],,(2014). Index Fungorum 146: 1.,2,2023-08-22T23:20:59.545+00:00,2023-08-22T23:01:05.388+00:00,['ORIGINAL_NAME_DERIVED'],Agaricomycetes,8966177.0,Boletus radicans Pers.
2536054,2536054,1866313,gbif:2536054,176053627.0,Fungi,Basidiomycota,Agaricales,Lycoperdaceae,Calvatia,Calvatia cyathiformis,5,34,186,1499,3297360,9330501,2536054,d7dddbf4-2cf0-4f39-9b2a-bb099caae36c,7ddf754f-d193-4cc9-b351-99906754a03b,9330501,Calvatia,Calvatia cyathiformis (Bosc) Morgan,Calvatia cyathiformis,Purple-spored Puffball,(Bosc) Morgan,SCIENTIFIC,SPECIES,SOURCE,ACCEPTED,[],,(1890). J. Cincinnati Soc. Nat. Hist. 12(4): 168.,2,2023-08-22T23:20:59.545+00:00,2023-08-22T22:59:57.112+00:00,[],Agaricomycetes,,
2536067,2536067,19856931,gbif:2536067,172062687.0,Fungi,Basidiomycota,Agaricales,Lycoperdaceae,Calvatia,Calvatia lilacina,5,34,186,1499,3297360,9330501,2536067,d7dddbf4-2cf0-4f39-9b2a-bb099caae36c,7ddf754f-d193-4cc9-b351-99906754a03b,9330501,Calvatia,Calvatia lilacina (Mont. & Berk.) Henn.,Calvatia lilacina,,(Mont. & Berk.) Henn.,SCIENTIFIC,SPECIES,SOURCE,ACCEPTED,[],,(1904). Hedwigia 43(3): 205.,1,2023-08-22T23:20:59.545+00:00,2023-08-22T22:59:57.137+00:00,['ORIGINAL_NAME_DERIVED'],Agaricomycetes,2536068.0,Bovista lilacina Mont. & Berk.
5249504,5249504,1949980,gbif:5249504,172017107.0,Fungi,Basidiomycota,Cantharellales,Hydnaceae,Cantharellus,Cantharellus cibarius,5,34,186,1300,8460,9623860,5249504,d7dddbf4-2cf0-4f39-9b2a-bb099caae36c,7ddf754f-d193-4cc9-b351-99906754a03b,9623860,Cantharellus,Cantharellus cibarius Fr.,Cantharellus cibarius,Chanterelle,Fr.,SCIENTIFIC,SPECIES,SOURCE,ACCEPTED,[],,(1821). Syst. Mycol. (Lundae) 1: 318.,14,2023-08-22T23:20:59.545+00:00,2023-08-22T22:59:52.901+00:00,[],Agaricomycetes,,
5249564,5249564,1949727,gbif:5249564,172016764.0,Fungi,Basidiomycota,Cantharellales,Hydnaceae,Cantharellus,Cantharellus minor,5,34,186,1300,8460,9623860,5249564,d7dddbf4-2cf0-4f39-9b2a-bb099caae36c,7ddf754f-d193-4cc9-b351-99906754a03b,9623860,Cantharellus,Cantharellus minor Peck,Cantharellus minor,Small Chanterelle,Peck,SCIENTIFIC,SPECIES,SOURCE,ACCEPTED,[],,(1872). Ann. Rep. Reg. N.Y. St. Mus. 23: 122 (’1870′).,1,2023-08-22T23:20:59.545+00:00,2023-08-22T22:59:52.592+00:00,[],Agaricomycetes,,
5248035,5248035,3061866,gbif:5248035,172094923.0,Fungi,Basidiomycota,Polyporales,Polyporaceae,Cryptoporus,Cryptoporus volvatus,5,34,186,1145,3286,2549028,5248035,d7dddbf4-2cf0-4f39-9b2a-bb099caae36c,7ddf754f-d193-4cc9-b351-99906754a03b,2549028,Cryptoporus,Cryptoporus volvatus (Peck) Shear,Cryptoporus volvatus,Veiled Polypore,(Peck) Shear,SCIENTIFIC,SPECIES,SOURCE,ACCEPTED,[],,(1902). Bull. Torrey Bot. Club 29: 450.,3,2023-08-22T23:20:59.545+00:00,2023-08-22T23:01:19.134+00:00,['ORIGINAL_NAME_DERIVED'],Agaricomycetes,7499421.0,Polyporus volvatus Peck
5242740,5242740,2823313,gbif:5242740,172039579.0,Fungi,Basidiomycota,Agaricales,Psathyrellaceae,Coprinopsis,Coprinopsis atramentaria,5,34,186,1499,4184,2534316,5242740,d7dddbf4-2cf0-4f39-9b2a-bb099caae36c,7ddf754f-d193-4cc9-b351-99906754a03b,2534316,Coprinopsis,"Coprinopsis atramentaria (Bull.) Redhead, Vilgalys & Moncalvo",Coprinopsis atramentaria,Common Ink Cap,"(Bull.) Redhead, Vilgalys & Moncalvo",SCIENTIFIC,SPECIES,SOURCE,ACCEPTED,[],,"(2001). In Redhead, Vilgalys, Moncalvo, Johnson & Hopple, Taxon 50(1): 226.",10,2023-08-22T23:20:59.545+00:00,2023-08-22T23:00:48.727+00:00,['ORIGINAL_NAME_DERIVED'],Agaricomycetes,2534389.0,Agaricus atramentarius Bull.
7987658,7987658,17279933,gbif:7987658,172063031.0,Fungi,Basidiomycota,Agaricales,Agaricaceae,Coprinus,Coprinus comatus,5,34,186,1499,4170,2526779,7987658,d7dddbf4-2cf0-4f39-9b2a-bb099caae36c,7ddf754f-d193-4cc9-b351-99906754a03b,2526779,Coprinus,Coprinus comatus (O.F.Müll.) Pers.,Coprinus comatus,Shaggy Inkcap,(O.F.Müll.) Pers.,SCIENTIFIC,SPECIES,SOURCE,ACCEPTED,[],,(1797). Tent. Disp. Meth. Fung. (Lipsiae): 62.,1,2023-08-22T23:20:59.545+00:00,2023-08-22T23:00:19.506+00:00,['ORIGINAL_NAME_DERIVED'],Agaricomycetes,5243549.0,Agaricus comatus O.F.Müll.
2536689,2536689,2826540,gbif:2536689,172062879.0,Fungi,Basidiomycota,Agaricales,Agaricaceae,Coprinus,Coprinus sterquilinus,5,34,186,1499,4170,2526779,2536689,d7dddbf4-2cf0-4f39-9b2a-bb099caae36c,7ddf754f-d193-4cc9-b351-99906754a03b,2526779,Coprinus,Coprinus sterquilinus (Fr.) Fr.,Coprinus sterquilinus,Midden Inkcap,(Fr.) Fr.,SCIENTIFIC,SPECIES,SOURCE,ACCEPTED,[],,(1838). Epicr. Syst. Mycol. (Upsaliae): 242 (’1836-1838′).,1,2023-08-22T23:20:59.545+00:00,2023-08-22T23:00:19.246+00:00,['ORIGINAL_NAME_DERIVED'],Agaricomycetes,5243554.0,Agaricus sterquilinus Fr.
7567077,7567077,37567195,gbif:7567077,172143837.0,Fungi,Ascomycota,Hypocreales,Cordycipitaceae,Cordyceps,Cordyceps militaris,5,95,320,1290,8418,2560661,7567077,d7dddbf4-2cf0-4f39-9b2a-bb099caae36c,7ddf754f-d193-4cc9-b351-99906754a03b,2560661,Cordyceps,Cordyceps militaris (L.) Fr.,Cordyceps militaris,Scarlet Caterpillarclub,(L.) Fr.,SCIENTIFIC,SPECIES,SOURCE,ACCEPTED,[],,(1818). Observ. Mycol. (Havniae) 2: 317 (Cancellans).,17,2023-08-22T23:20:59.545+00:00,2023-08-22T22:56:55.757+00:00,['ORIGINAL_NAME_DERIVED'],Sordariomycetes,7934440.0,Clavaria militaris L.
2560562,2560562,17170815,gbif:2560562,172130923.0,Fungi,Ascomycota,Hypocreales,Ophiocordycipitaceae,Ophiocordyceps,Ophiocordyceps sinensis,5,95,320,1290,8421,2560546,2560562,d7dddbf4-2cf0-4f39-9b2a-bb099caae36c,7ddf754f-d193-4cc9-b351-99906754a03b,2560546,Ophiocordyceps,"Ophiocordyceps sinensis (Berk.) G.H.Sung, J.M.Sung, Hywel-Jones & Spatafora",Ophiocordyceps sinensis,Chinese Caterpillar Fungus,"(Berk.) G.H.Sung, J.M.Sung, Hywel-Jones & Spatafora",SCIENTIFIC,SPECIES,SOURCE,ACCEPTED,[],,"(2007). In Sung, Hywel-Jones, Sung, Luangsa-Ard, Shrestha & Spatafora, Stud. Mycol. 57: 46.",32,2023-08-22T23:20:59.545+00:00,2023-08-22T22:56:58.317+00:00,['ORIGINAL_NAME_DERIVED'],Sordariomycetes,2560563.0,Sphaeria sinensis Berk.
3450833,3450833,17170624,gbif:3450833,172130892.0,Fungi,Ascomycota,Hypocreales,Ophiocordycipitaceae,Ophiocordyceps,Ophiocordyceps sobolifera,5,95,320,1290,8421,2560546,3450833,d7dddbf4-2cf0-4f39-9b2a-bb099caae36c,7ddf754f-d193-4cc9-b351-99906754a03b,2560546,Ophiocordyceps,"Ophiocordyceps sobolifera (Hill ex Watson) G.H.Sung, J.M.Sung, Hywel-Jones & Spatafora",Ophiocordyceps sobolifera,,"(Hill ex Watson) G.H.Sung, J.M.Sung, Hywel-Jones & Spatafora",SCIENTIFIC,SPECIES,SOURCE,ACCEPTED,[],,"(2007). In Sung, Hywel-Jones, Sung, Luangsa-Ard, Shrestha & Spatafora, Stud. Mycol. 57: 46.",12,2023-08-22T23:20:59.545+00:00,2023-08-22T22:56:57.821+00:00,['ORIGINAL_NAME_DERIVED'],Sordariomycetes,7702449.0,Clavaria sobolifera Hill ex Watson
2607712,2607712,97186037,gbif:2607712,172241233.0,Fungi,Ascomycota,Lecanorales,Cladoniaceae,Cladonia,Cladonia stellaris,5,95,180,1048,8328,2607519,2607712,d7dddbf4-2cf0-4f39-9b2a-bb099caae36c,7ddf754f-d193-4cc9-b351-99906754a03b,2607519,Cladonia,Cladonia stellaris (Opiz) Pouzar & Vĕzda,Cladonia stellaris,Star-tipped Reindeer Lichen,(Opiz) Pouzar & Vĕzda,SCIENTIFIC,SPECIES,SOURCE,ACCEPTED,[],,(1971). Preslia 43: 196.,5,2023-08-22T23:20:59.545+00:00,2023-08-22T22:55:52.089+00:00,['ORIGINAL_NAME_DERIVED'],Lecanoromycetes,3391746.0,Cenomyce stellaris Opiz
5239766,5239766,1114757,gbif:5239766,172020956.0,Fungi,Basidiomycota,Boletales,Diplocystidiaceae,Astraeus,Astraeus hygrometricus,5,34,186,1063,4190,2525061,5239766,d7dddbf4-2cf0-4f39-9b2a-bb099caae36c,7ddf754f-d193-4cc9-b351-99906754a03b,2525061,Astraeus,Astraeus hygrometricus (Pers.) Morgan,Astraeus hygrometricus,Barometer Earthstar,(Pers.) Morgan,SCIENTIFIC,SPECIES,SOURCE,ACCEPTED,[],,(1889). J. Cincinnati Soc. Nat. Hist. 12: 20.,2,2023-08-22T23:20:59.545+00:00,2023-08-22T23:00:58.375+00:00,['ORIGINAL_NAME_DERIVED'],Agaricomycetes,2525071.0,Geastrum hygrometricum Pers.
5249271,5249271,1212658,gbif:5249271,176063664.0,Fungi,Basidiomycota,Auriculariales,Auriculariaceae,Auricularia,Auricularia auricula-judae,5,34,186,1062,8788,7984308,5249271,d7dddbf4-2cf0-4f39-9b2a-bb099caae36c,7ddf754f-d193-4cc9-b351-99906754a03b,7984308,Auricularia,Auricularia auricula-judae (Bull.) Quél.,Auricularia auricula-judae,Jelly Ear,(Bull.) Quél.,SCIENTIFIC,SPECIES,SOURCE,ACCEPTED,[],,(1886). Enchir. Fung. (Paris): 207.,12,2023-08-22T23:20:59.545+00:00,2023-08-22T22:59:41.275+00:00,['ORIGINAL_NAME_DERIVED'],Agaricomycetes,7239041.0,Tremella auricula-judae Bull.
5245860,5245860,37544248,gbif:5245860,176063708.0,Fungi,Basidiomycota,Auriculariales,Auriculariaceae,Auricularia,Auricularia delicata,5,34,186,1062,8788,7984308,5245860,d7dddbf4-2cf0-4f39-9b2a-bb099caae36c,7ddf754f-d193-4cc9-b351-99906754a03b,7984308,Auricularia,Auricularia delicata (Mont. ex Fr.) Henn.,Auricularia delicata,,(Mont. ex Fr.) Henn.,SCIENTIFIC,SPECIES,SOURCE,ACCEPTED,[],,(1893). Bot. Jb. 17: 492.,2,2023-08-22T23:20:59.545+00:00,2023-08-22T22:59:41.118+00:00,[],Agaricomycetes,,
5249290,5249290,1212973,gbif:5249290,176063652.0,Fungi,Basidiomycota,Auriculariales,Auriculariaceae,Auricularia,Auricularia fuscosuccinea,5,34,186,1062,8788,7984308,5249290,d7dddbf4-2cf0-4f39-9b2a-bb099caae36c,7ddf754f-d193-4cc9-b351-99906754a03b,7984308,Auricularia,Auricularia fuscosuccinea (Mont.) Henn.,Auricularia fuscosuccinea,,(Mont.) Henn.,SCIENTIFIC,SPECIES,SOURCE,ACCEPTED,[],,(1893). Bot. Jb. 17: 19.,0,2023-08-22T23:20:59.545+00:00,2023-08-22T22:59:41.411+00:00,['ORIGINAL_NAME_DERIVED'],Agaricomycetes,3314552.0,Exidia fuscosuccinea Mont.
5249297,5249297,1213053,gbif:5249297,172019731.0,Fungi,Basidiomycota,Auriculariales,Auriculariaceae,Auricularia,Auricularia mesenterica,5,34,186,1062,8788,7984308,5249297,d7dddbf4-2cf0-4f39-9b2a-bb099caae36c,7ddf754f-d193-4cc9-b351-99906754a03b,7984308,Auricularia,Auricularia mesenterica (Dicks.) Pers.,Auricularia mesenterica,Tripe Fungus,(Dicks.) Pers.,SCIENTIFIC,SPECIES,SOURCE,ACCEPTED,[],,(1822). Mycol. Eur. (Erlanga) 1: 97.,6,2023-08-22T23:20:59.545+00:00,2023-08-22T22:59:40.986+00:00,['ORIGINAL_NAME_DERIVED'],Agaricomycetes,2553578.0,Helvella mesenterica Dicks.
7351381,7351381,18031154,gbif:7351381,172019677.0,Fungi,Basidiomycota,Auriculariales,Auriculariaceae,Auricularia,Auricularia nigricans,5,34,186,1062,8788,7984308,7351381,d7dddbf4-2cf0-4f39-9b2a-bb099caae36c,7ddf754f-d193-4cc9-b351-99906754a03b,7984308,Auricularia,"Auricularia nigricans (Sw.) Birkebak, Looney & Sánchez-García",Auricularia nigricans,Black-eared fungus,"(Sw.) Birkebak, Looney & Sánchez-García",SCIENTIFIC,SPECIES,SOURCE,ACCEPTED,[],,"(2013). In Looney, Birkebak & Matheny, N. Amer. Fung. 8(6): 12.",9,2023-08-22T23:20:59.545+00:00,2023-08-22T22:59:41.195+00:00,['ORIGINAL_NAME_DERIVED'],Agaricomycetes,8285923.0,Peziza nigricans Sw.
9713443,9713443,41016856,gbif:9713443,172040799.0,Fungi,Basidiomycota,Agaricales,Physalacriaceae,Desarmillaria,Desarmillaria tabescens,5,34,186,1499,4182,9726177,9713443,d7dddbf4-2cf0-4f39-9b2a-bb099caae36c,7ddf754f-d193-4cc9-b351-99906754a03b,9726177,Desarmillaria,Desarmillaria tabescens (Scop.) R.A.Koch & Aime,Desarmillaria tabescens,,(Scop.) R.A.Koch & Aime,SCIENTIFIC,SPECIES,SOURCE,ACCEPTED,[],,"(2017). In Koch, Wilson, Séné, Henkel & Aime, BMC Evol. Biol. 17(no. 33): 12.",1,2023-08-22T23:20:59.545+00:00,2023-08-22T23:00:08.010+00:00,['ORIGINAL_NAME_DERIVED'],Agaricomycetes,5955323.0,Agaricus tabescens Scop.
5240269,5240269,501890,gbif:5240269,176052761.0,Fungi,Basidiomycota,Agaricales,Amanitaceae,Amanita,Amanita caesarea,5,34,186,1499,4171,6005964,5240269,d7dddbf4-2cf0-4f39-9b2a-bb099caae36c,7ddf754f-d193-4cc9-b351-99906754a03b,6005964,Amanita,Amanita caesarea (Scop.) Pers.,Amanita caesarea,Caesar's Amanita,(Scop.) Pers.,SCIENTIFIC,SPECIES,SOURCE,ACCEPTED,[],,(1801). Syn. Meth. Fung. (Göttingen) 2: 252.,1,2023-08-22T23:20:59.545+00:00,2023-08-22T23:00:40.001+00:00,['ORIGINAL_NAME_DERIVED'],Agaricomycetes,7618369.0,Agaricus caesareus Scop.
12023201,12023201,130293973,gbif:12023201,210303346.0,Fungi,Basidiomycota,Polyporales,Ganodermataceae,Sanguinoderma,Sanguinoderma rude,5,34,186,1145,3290,11706260,12023201,d7dddbf4-2cf0-4f39-9b2a-bb099caae36c,7ddf754f-d193-4cc9-b351-99906754a03b,11706260,Sanguinoderma,"Sanguinoderma rude (Berk.) Y.F.Sun, D.H.Costa & B.K.Cui",Sanguinoderma rude,,"(Berk.) Y.F.Sun, D.H.Costa & B.K.Cui",SCIENTIFIC,SPECIES,SOURCE,ACCEPTED,[],,"(2020). In Sun, Costa-Rezende, Xing, Zhou, Zhang, Gibertoni, Gates, Glen, Dai & Cui, Persoonia 44: 233.",3,2023-08-22T23:20:59.545+00:00,2023-08-22T23:01:32.959+00:00,['ORIGINAL_NAME_DERIVED'],Agaricomycetes,8960454.0,? rude Berk.
5243151,5243151,3139753,gbif:5243151,172063103.0,Fungi,Basidiomycota,Agaricales,Agaricaceae,Cyathus,Cyathus striatus,5,34,186,1499,4170,7413707,5243151,d7dddbf4-2cf0-4f39-9b2a-bb099caae36c,7ddf754f-d193-4cc9-b351-99906754a03b,7413707,Cyathus,Cyathus striatus Willd.,Cyathus striatus,Fluted Bird's Nest,Willd.,SCIENTIFIC,SPECIES,SOURCE,ACCEPTED,[],"Possible variant of Cyathus striatus Cooper, 1946",(1787). Fl. Berol. Prodr.: 399.,1,2023-08-22T23:20:59.545+00:00,2023-08-22T23:00:07.208+00:00,['ORTHOGRAPHIC_VARIANT'],Agaricomycetes,,
5387142,5387142,3286154,gbif:5387142,,Plantae,Tracheophyta,Asterales,Asteraceae,Dahlia,Dahlia pinnata,6,7707728,220,414,3065,3093023,5387142,d7dddbf4-2cf0-4f39-9b2a-bb099caae36c,7ddf754f-d193-4cc9-b351-99906754a03b,3093023,Dahlia,Dahlia ×pinnata Cav.,Dahlia pinnata,Dahlia,Cav.,SCIENTIFIC,SPECIES,SOURCE,ACCEPTED,[],,"Cav. (1791). In: Icon. 1: 57, T. 80.",0,2023-08-22T23:20:59.545+00:00,2023-08-22T23:06:32.326+00:00,[],Magnoliopsida,,
2554333,2554333,4622244,gbif:2554333,176053713.0,Fungi,Basidiomycota,Geastrales,Geastraceae,Geastrum,Geastrum saccatum,5,34,186,1064,4199,2525056,2554333,d7dddbf4-2cf0-4f39-9b2a-bb099caae36c,7ddf754f-d193-4cc9-b351-99906754a03b,2525056,Geastrum,Geastrum saccatum Fr.,Geastrum saccatum,Rounded Earthstar,Fr.,SCIENTIFIC,SPECIES,SOURCE,ACCEPTED,[],,(1829). Syst. Mycol. (Lundae) 3(1): 16.,8,2023-08-22T23:20:59.545+00:00,2023-08-22T22:59:41.598+00:00,[],Agaricomycetes,,
5249253,5249253,17248130,gbif:5249253,172075006.0,Fungi,Basidiomycota,Gloeophyllales,Gloeophyllaceae,Gloeophyllum,Gloeophyllum sepiarium,5,34,186,1065,8462,2543117,5249253,d7dddbf4-2cf0-4f39-9b2a-bb099caae36c,7ddf754f-d193-4cc9-b351-99906754a03b,2543117,Gloeophyllum,Gloeophyllum sepiarium (Wulfen) P.Karst.,Gloeophyllum sepiarium,Conifer Mazegill,(Wulfen) P.Karst.,SCIENTIFIC,SPECIES,SOURCE,ACCEPTED,[],,(1882). Bidr. Känn. Finl. Nat. Folk 37: 79.,3,2023-08-22T23:20:59.545+00:00,2023-08-22T23:00:56.173+00:00,['ORIGINAL_NAME_DERIVED'],Agaricomycetes,5955038.0,Agaricus sepiarius Wulfen
2531012,2531012,4466909,gbif:2531012,176044612.0,Fungi,Basidiomycota,Agaricales,Fistulinaceae,Fistulina,Fistulina hepatica,5,34,186,1499,8443,9072989,2531012,d7dddbf4-2cf0-4f39-9b2a-bb099caae36c,7ddf754f-d193-4cc9-b351-99906754a03b,9072989,Fistulina,Fistulina hepatica (Schaeff.) With.,Fistulina hepatica,Beefsteak Fungus,(Schaeff.) With.,SCIENTIFIC,SPECIES,SOURCE,ACCEPTED,[],,"(1801). Syst. Arr. Brit. pl., Edn 4 (London) 4: 302.",2,2023-08-22T23:20:59.545+00:00,2023-08-22T22:59:53.664+00:00,[],Agaricomycetes,,
3341441,3341441,4470532,gbif:3341441,176047335.0,Fungi,Basidiomycota,Agaricales,Physalacriaceae,Flammulina,Flammulina velutipes,5,34,186,1499,4182,2526827,3341441,d7dddbf4-2cf0-4f39-9b2a-bb099caae36c,7ddf754f-d193-4cc9-b351-99906754a03b,2526827,Flammulina,Flammulina velutipes (Curtis) Singer,Flammulina velutipes,Velvet Shank,(Curtis) Singer,SCIENTIFIC,SPECIES,SOURCE,ACCEPTED,[],,(1951). Lilloa 22: 307 (’1949′).,5,2023-08-22T23:20:59.545+00:00,2023-08-22T23:00:08.900+00:00,['ORIGINAL_NAME_DERIVED'],Agaricomycetes,3337126.0,Agaricus velutipes Curtis
2549730,2549730,4595878,gbif:2549730,176063759.0,Fungi,Basidiomycota,Polyporales,Polyporaceae,Ganoderma,Ganoderma lucidum,5,34,186,1145,3286,2519220,2549730,d7dddbf4-2cf0-4f39-9b2a-bb099caae36c,7ddf754f-d193-4cc9-b351-99906754a03b,2519220,Ganoderma,Ganoderma lucidum (Curtis) P.Karst.,Ganoderma lucidum,Lacquered Bracket,(Curtis) P.Karst.,SCIENTIFIC,SPECIES,SOURCE,ACCEPTED,[],,"(1881). Revue mycol., Toulouse 3(no. 9): 17.",21,2023-08-22T23:20:59.545+00:00,2023-08-22T23:01:24.463+00:00,['ORIGINAL_NAME_DERIVED'],Agaricomycetes,5954458.0,Boletus lucidus Curtis
2549834,2549834,4594959,gbif:2549834,172107672.0,Fungi,Basidiomycota,Polyporales,Polyporaceae,Ganoderma,Ganoderma applanatum,5,34,186,1145,3286,2519220,2549834,d7dddbf4-2cf0-4f39-9b2a-bb099caae36c,7ddf754f-d193-4cc9-b351-99906754a03b,2519220,Ganoderma,Ganoderma applanatum (Pers.) Pat.,Ganoderma applanatum,Artist's Bracket,(Pers.) Pat.,SCIENTIFIC,SPECIES,SOURCE,ACCEPTED,[],,(1887). Hyménomyc. Eur. (Paris): 143.,11,2023-08-22T23:20:59.545+00:00,2023-08-22T23:01:24.245+00:00,['ORIGINAL_NAME_DERIVED'],Agaricomycetes,5954452.0,Boletus applanatus Pers.
2549730,2549730,4595878,gbif:2549730,176063759.0,Fungi,Basidiomycota,Polyporales,Polyporaceae,Ganoderma,Ganoderma lucidum,5,34,186,1145,3286,2519220,2549730,d7dddbf4-2cf0-4f39-9b2a-bb099caae36c,7ddf754f-d193-4cc9-b351-99906754a03b,2519220,Ganoderma,Ganoderma lucidum (Curtis) P.Karst.,Ganoderma lucidum,Lacquered Bracket,(Curtis) P.Karst.,SCIENTIFIC,SPECIES,SOURCE,ACCEPTED,[],,"(1881). Revue mycol., Toulouse 3(no. 9): 17.",21,2023-08-22T23:20:59.545+00:00,2023-08-22T23:01:24.463+00:00,['ORIGINAL_NAME_DERIVED'],Agaricomycetes,5954458.0,Boletus lucidus Curtis
5423614,5423614,16432544,gbif:5423614,117174692.0,Chromista,Ochrophyta,Dictyotales,Dictyotaceae,Dictyopteris,Dictyopteris polypodioides,4,98,7073593,1180,7725,3200498,5423614,d7dddbf4-2cf0-4f39-9b2a-bb099caae36c,aacd816d-662c-49d2-ad1a-97e66e2a2908,3200498,Dictyopteris,Dictyopteris polypodioides (DC.) J.V.Lamour.,Dictyopteris polypodioides,,(DC.) J.V.Lamour.,SCIENTIFIC,SPECIES,SOURCE,ACCEPTED,[],,,0,2023-08-22T23:20:59.545+00:00,2023-08-22T22:54:41.691+00:00,[],Phaeophyceae,,
2540800,2540800,4849549,gbif:2540800,172106235.0,Fungi,Basidiomycota,Polyporales,Grifolaceae,Grifola,Grifola frondosa,5,34,186,1145,3295454,2540799,2540800,d7dddbf4-2cf0-4f39-9b2a-bb099caae36c,7ddf754f-d193-4cc9-b351-99906754a03b,2540799,Grifola,Grifola frondosa (Dicks.) Gray,Grifola frondosa,Hen Of The Woods,(Dicks.) Gray,SCIENTIFIC,SPECIES,SOURCE,ACCEPTED,[],,(1821). Nat. Arr. Brit. Pl. (London) 1: 643.,4,2023-08-22T23:20:59.545+00:00,2023-08-22T23:01:08.457+00:00,[],Agaricomycetes,,
5246840,5246840,9063268,gbif:5246840,172086848.0,Fungi,Basidiomycota,Polyporales,Polyporaceae,Polyporus,Polyporus umbellatus,5,34,186,1145,3286,11200098,5246840,d7dddbf4-2cf0-4f39-9b2a-bb099caae36c,7ddf754f-d193-4cc9-b351-99906754a03b,11200098,Polyporus,Polyporus umbellatus (Pers.) Fr.,Polyporus umbellatus,Umbrella Polypore,(Pers.) Fr.,SCIENTIFIC,SPECIES,SOURCE,ACCEPTED,[],,(1821). Syst. Mycol. (Lundae) 1: 354.,9,2023-08-22T23:20:59.545+00:00,2023-08-22T23:01:11.403+00:00,[],Agaricomycetes,,
5248532,5248532,5148873,gbif:5248532,172100146.0,Fungi,Basidiomycota,Russulales,Hericiaceae,Hericium,Hericium coralloides,5,34,186,1144,7612,5244571,5248532,d7dddbf4-2cf0-4f39-9b2a-bb099caae36c,7ddf754f-d193-4cc9-b351-99906754a03b,5244571,Hericium,Hericium coralloides (Scop.) Pers.,Hericium coralloides,Coral Tooth,(Scop.) Pers.,SCIENTIFIC,SPECIES,SOURCE,ACCEPTED,[],,(1794). Neues Mag. Bot. 1: 109.,7,2023-08-22T23:20:59.545+00:00,2023-08-22T23:01:00.135+00:00,['ORIGINAL_NAME_DERIVED'],Agaricomycetes,2550566.0,Hydnum coralloides Scop.
5248508,5248508,5148964,gbif:5248508,172100083.0,Fungi,Basidiomycota,Russulales,Hericiaceae,Hericium,Hericium erinaceus,5,34,186,1144,7612,5244571,5248508,d7dddbf4-2cf0-4f39-9b2a-bb099caae36c,7ddf754f-d193-4cc9-b351-99906754a03b,5244571,Hericium,Hericium erinaceus (Bull.) Pers.,Hericium erinaceus,Bearded Tooth,(Bull.) Pers.,SCIENTIFIC,SPECIES,SOURCE,ACCEPTED,[],,(1797). Comm. Fung. Clav. (Lipsiae): 27.,9,2023-08-22T23:20:59.545+00:00,2023-08-22T23:00:59.988+00:00,['ORIGINAL_NAME_DERIVED'],Agaricomycetes,2550535.0,Hydnum erinaceus Bull.
7525750,7525750,37556335,gbif:7525750,172085715.0,Fungi,Basidiomycota,Polyporales,Polyporaceae,Trametes,Trametes apiaria,5,34,186,1145,3286,2519084,7525750,d7dddbf4-2cf0-4f39-9b2a-bb099caae36c,7ddf754f-d193-4cc9-b351-99906754a03b,2519084,Trametes,"Trametes apiaria (Pers.) Zmitr., Wasser & Ezhov",Trametes apiaria,,"(Pers.) Zmitr., Wasser & Ezhov",SCIENTIFIC,SPECIES,SOURCE,ACCEPTED,[],,"(2012). In Zmitrovich, Ezhov & Wasser, International Journal of Medicinal Mushrooms (Redding) 14(3): 317.",2,2023-08-22T23:20:59.545+00:00,2023-08-22T23:01:13.990+00:00,[],Agaricomycetes,,
3198487,3198487,5384733,gbif:3198487,158312102.0,Chromista,Ochrophyta,Scytosiphonales,Scytosiphonaceae,Hydroclathrus,Hydroclathrus clathratus,4,98,7073593,1309,8501,3198483,3198487,d7dddbf4-2cf0-4f39-9b2a-bb099caae36c,763a8aa3-65de-443e-bd20-bbe958a1ef74,3198483,Hydroclathrus,Hydroclathrus clathratus (C.Agardh) M.Howe,Hydroclathrus clathratus,Swiss Cheese Algae,(C.Agardh) M.Howe,SCIENTIFIC,SPECIES,SOURCE,ACCEPTED,[],,,0,2023-08-22T23:20:59.545+00:00,2023-08-22T22:54:36.277+00:00,[],Phaeophyceae,,
10846389,10846389,32474400,gbif:10846389,172049446.0,Fungi,Basidiomycota,Agaricales,Inocybaceae,Pseudosperma,Pseudosperma rimosum,5,34,186,1499,4177,10754240,10846389,d7dddbf4-2cf0-4f39-9b2a-bb099caae36c,7ddf754f-d193-4cc9-b351-99906754a03b,10754240,Pseudosperma,Pseudosperma rimosum (Bull.) Matheny & Esteve-Rav.,Pseudosperma rimosum,Split Fibrecap,(Bull.) Matheny & Esteve-Rav.,SCIENTIFIC,SPECIES,SOURCE,ACCEPTED,[],,"(2019). In Matheny, Hobbs & Esteve-Raventós, Mycologia: 10.1080/00275514.2019.1668906, 31.",13,2023-08-22T23:20:59.545+00:00,2023-08-22T23:01:07.140+00:00,['ORIGINAL_NAME_DERIVED'],Agaricomycetes,2528105.0,Agaricus rimosus Bull.
2543474,2543474,4488633,gbif:2543474,176064315.0,Fungi,Basidiomycota,Polyporales,Fomitopsidaceae,Fomitopsis,Fomitopsis officinalis,5,34,186,1145,7619,2523631,2543474,d7dddbf4-2cf0-4f39-9b2a-bb099caae36c,7ddf754f-d193-4cc9-b351-99906754a03b,2523631,Fomitopsis,Fomitopsis officinalis (Vill.) Bondartsev & Singer,Fomitopsis officinalis,,(Vill.) Bondartsev & Singer,SCIENTIFIC,SPECIES,SOURCE,ACCEPTED,[],,(1941). Annls Mycol. 39(1): 55.,2,2023-08-22T23:20:59.545+00:00,2023-08-22T23:00:59.311+00:00,['ORIGINAL_NAME_DERIVED'],Agaricomycetes,5245538.0,Boletus officinalis Vill.
2537743,2537743,6106057,gbif:2537743,172042007.0,Fungi,Basidiomycota,Agaricales,Omphalotaceae,Lentinula,Lentinula edodes,5,34,186,1499,3305518,2537730,2537743,d7dddbf4-2cf0-4f39-9b2a-bb099caae36c,7ddf754f-d193-4cc9-b351-99906754a03b,2537730,Lentinula,Lentinula edodes (Berk.) Pegler,Lentinula edodes,shiitake,(Berk.) Pegler,SCIENTIFIC,SPECIES,SOURCE,ACCEPTED,[],,(1976). Kavaka 3: 20 (’1975′).,37,2023-08-22T23:20:59.545+00:00,2023-08-22T23:00:10.256+00:00,['ORIGINAL_NAME_DERIVED'],Agaricomycetes,5243823.0,Agaricus edodes Berk.
9129313,9129313,7447435,gbif:9129313,172089604.0,Fungi,Basidiomycota,Gloeophyllales,Gloeophyllaceae,Neolentinus,Neolentinus lepideus,5,34,186,1065,8462,8312950,9129313,d7dddbf4-2cf0-4f39-9b2a-bb099caae36c,7ddf754f-d193-4cc9-b351-99906754a03b,8312950,Neolentinus,Neolentinus lepideus (Fr.) Redhead & Ginns,Neolentinus lepideus,Scaly Sawgill,(Fr.) Redhead & Ginns,SCIENTIFIC,SPECIES,SOURCE,ACCEPTED,[],,(1985). Trans. Mycol. Soc. Japan 26(3): 357.,9,2023-08-22T23:20:59.545+00:00,2023-08-22T23:00:55.500+00:00,['ORIGINAL_NAME_DERIVED'],Agaricomycetes,5247979.0,Agaricus lepideus Fr.
9031899,9031899,6106382,gbif:9031899,172092014.0,Fungi,Basidiomycota,Polyporales,Polyporaceae,Lentinus,Lentinus sajor-caju,5,34,186,1145,3286,2526675,9031899,d7dddbf4-2cf0-4f39-9b2a-bb099caae36c,7ddf754f-d193-4cc9-b351-99906754a03b,2526675,Lentinus,Lentinus sajor-caju (Fr.) Fr.,Lentinus sajor-caju,,(Fr.) Fr.,SCIENTIFIC,SPECIES,SOURCE,ACCEPTED,[],,(1838). Epicr. Syst. Mycol. (Upsaliae): 393 (’1836-1838′).,11,2023-08-22T23:20:59.545+00:00,2023-08-22T23:01:18.270+00:00,['ORIGINAL_NAME_DERIVED'],Agaricomycetes,5246198.0,Agaricus sajor-caju Fr.
9154166,9154166,6106976,gbif:9154166,172091730.0,Fungi,Basidiomycota,Polyporales,Polyporaceae,Lentinus,Lentinus tigrinus,5,34,186,1145,3286,2526675,9154166,d7dddbf4-2cf0-4f39-9b2a-bb099caae36c,7ddf754f-d193-4cc9-b351-99906754a03b,2526675,Lentinus,Lentinus tigrinus (Bull.) Fr.,Lentinus tigrinus,Tiger Sawgill,(Bull.) Fr.,SCIENTIFIC,SPECIES,SOURCE,ACCEPTED,[],,(1825). Syst. Orb. Veg. (Lundae) 1: 78.,10,2023-08-22T23:20:59.545+00:00,2023-08-22T23:01:17.964+00:00,['ORIGINAL_NAME_DERIVED'],Agaricomycetes,2531522.0,Agaricus tigrinus Bull.
5465199,5465199,6107845,gbif:5465199,172091328.0,Fungi,Basidiomycota,Polyporales,Polyporaceae,Lenzites,Lenzites betulinus,5,34,186,1145,3286,2519064,5465199,d7dddbf4-2cf0-4f39-9b2a-bb099caae36c,7ddf754f-d193-4cc9-b351-99906754a03b,2519064,Lenzites,Lenzites betulinus (L.) Fr.,Lenzites betulinus,"Birch Mazegill, Gilled Polypore",(L.) Fr.,SCIENTIFIC,SPECIES,SOURCE,ACCEPTED,[],,(1838). Epicr. Syst. Mycol. (Upsaliae): 405 (’1836-1838′).,1,2023-08-22T23:20:59.545+00:00,2023-08-22T23:01:12.954+00:00,[],Agaricomycetes,,
5242097,5242097,6183427,gbif:5242097,172032801.0,Fungi,Basidiomycota,Agaricales,Tricholomataceae,Lepista,Lepista sordida,5,34,186,1499,8787,2532282,5242097,d7dddbf4-2cf0-4f39-9b2a-bb099caae36c,7ddf754f-d193-4cc9-b351-99906754a03b,2532282,Lepista,Lepista sordida (Schumach.) Singer,Lepista sordida,Sordid Blewit,(Schumach.) Singer,SCIENTIFIC,SPECIES,SOURCE,ACCEPTED,[],,(1951). Lilloa 22: 193 (’1949′).,1,2023-08-22T23:20:59.545+00:00,2023-08-22T23:00:09.992+00:00,['ORIGINAL_NAME_DERIVED'],Agaricomycetes,8111550.0,Agaricus sordidus Schumach.
5260693,5260693,6421992,gbif:5260693,172191589.0,Fungi,Ascomycota,Peltigerales,Lobariaceae,Lobaria,Lobaria pulmonaria,5,95,180,1055,8375,2600355,5260693,d7dddbf4-2cf0-4f39-9b2a-bb099caae36c,7ddf754f-d193-4cc9-b351-99906754a03b,2600355,Lobaria,Lobaria pulmonaria (L.) Hoffm.,Lobaria pulmonaria,Common Lungwort Lichen,(L.) Hoffm.,SCIENTIFIC,SPECIES,SOURCE,ACCEPTED,[],,"(1796). Deutschl. Fl., Zweiter Theil (Erlangen): 146 (’1795′).",1,2023-08-22T23:20:59.545+00:00,2023-08-22T22:56:12.475+00:00,['ORIGINAL_NAME_DERIVED'],Lecanoromycetes,3421904.0,Lichen pulmonarius L.
2532720,2532720,1085153,gbif:2532720,176050721.0,Fungi,Basidiomycota,Agaricales,Tricholomataceae,Aspropaxillus,Aspropaxillus giganteus,5,34,186,1499,8787,2532024,2532720,d7dddbf4-2cf0-4f39-9b2a-bb099caae36c,7ddf754f-d193-4cc9-b351-99906754a03b,2532024,Aspropaxillus,Aspropaxillus giganteus (Sowerby) Kühner & Maire,Aspropaxillus giganteus,,(Sowerby) Kühner & Maire,SCIENTIFIC,SPECIES,SOURCE,ACCEPTED,[],,(1934). Bull. Trimest. Soc. Mycol. Fr. 50: 13.,4,2023-08-22T23:20:59.545+00:00,2023-08-22T23:00:03.339+00:00,['ORIGINAL_NAME_DERIVED'],Agaricomycetes,2532721.0,Agaricus giganteus Sowerby
5243258,5243258,6530542,gbif:5243258,172065505.0,Fungi,Basidiomycota,Agaricales,Lycoperdaceae,Lycoperdon,Lycoperdon perlatum,5,34,186,1499,3297360,9367003,5243258,d7dddbf4-2cf0-4f39-9b2a-bb099caae36c,7ddf754f-d193-4cc9-b351-99906754a03b,9367003,Lycoperdon,Lycoperdon perlatum Pers.,Lycoperdon perlatum,Common Puffball,Pers.,SCIENTIFIC,SPECIES,SOURCE,ACCEPTED,[],,(1796). Observ. Mycol. (Lipsiae) 1: 4.,3,2023-08-22T23:20:59.545+00:00,2023-08-22T22:59:58.053+00:00,[],Agaricomycetes,,
2535209,2535209,37551761,gbif:2535209,172062240.0,Fungi,Basidiomycota,Agaricales,Lycoperdaceae,Bovista,Bovista polymorpha,5,34,186,1499,3297360,9441377,2535209,d7dddbf4-2cf0-4f39-9b2a-bb099caae36c,7ddf754f-d193-4cc9-b351-99906754a03b,9441377,Bovista,Bovista polymorpha Kreisel,Bovista polymorpha,,Kreisel,SCIENTIFIC,SPECIES,SOURCE,ACCEPTED,[],,(1964). Reprium Nov. Spec. Regni Veg. 69: 201.,0,2023-08-22T23:20:59.545+00:00,2023-08-22T22:59:57.326+00:00,[],Agaricomycetes,,
10852503,10852503,32277480,gbif:10852503,172058335.0,Fungi,Basidiomycota,Agaricales,Lycoperdaceae,Apioperdon,Apioperdon pyriforme,5,34,186,1499,3297360,10676978,10852503,d7dddbf4-2cf0-4f39-9b2a-bb099caae36c,7ddf754f-d193-4cc9-b351-99906754a03b,10676978,Apioperdon,Apioperdon pyriforme (Schaeff.) Vizzini,Apioperdon pyriforme,"Pear-shaped Puffball, Stump Puffball",(Schaeff.) Vizzini,SCIENTIFIC,SPECIES,SOURCE,ACCEPTED,[],,"(2017). In Vizzini & Ercole, Phytotaxa 299(1): 81.",3,2023-08-22T23:20:59.545+00:00,2023-08-22T22:59:57.796+00:00,['ORIGINAL_NAME_DERIVED'],Agaricomycetes,5243232.0,Lycoperdon pyriforme Schaeff.
5427065,5427065,40947108,gbif:5427065,180117428.0,Bacteria,Cyanobacteria,Cyanobacteriales,Microcoleaceae,Lyngbya,Lyngbya majuscula,3,68,10774316,10793096,7941427,3218593,5427065,d7dddbf4-2cf0-4f39-9b2a-bb099caae36c,dbaa27eb-29e7-4cbb-8eab-3f689cfce116,3218593,Lyngbya,Lyngbya majuscula Harv.,Lyngbya majuscula,,Harv.,SCIENTIFIC,SPECIES,SOURCE,DOUBTFUL,[],Possible variant of Lyngbya majuscula Harv. ex Gomont,,0,2023-08-22T23:20:59.545+00:00,2023-08-22T22:52:46.211+00:00,['ORTHOGRAPHIC_VARIANT'],Cyanobacteriia,,
8813286,8813286,5944782,gbif:8813286,172097788.0,Fungi,Basidiomycota,Russulales,Russulaceae,Lactarius,Lactarius camphoratus,5,34,186,1144,7609,2532156,8813286,d7dddbf4-2cf0-4f39-9b2a-bb099caae36c,7ddf754f-d193-4cc9-b351-99906754a03b,2532156,Lactarius,Lactarius camphoratus (Bull.) Fr.,Lactarius camphoratus,Curry Milkcap,(Bull.) Fr.,SCIENTIFIC,SPECIES,SOURCE,ACCEPTED,[],,(1838). Epicr. Syst. Mycol. (Upsaliae): 346 (’1836-1838′).,5,2023-08-22T23:20:59.545+00:00,2023-08-22T23:01:10.616+00:00,['ORIGINAL_NAME_DERIVED'],Agaricomycetes,5241079.0,Agaricus camphoratus Bull.
5248629,5248629,5946266,gbif:5248629,172097520.0,Fungi,Basidiomycota,Russulales,Russulaceae,Lactarius,Lactarius deliciosus,5,34,186,1144,7609,2532156,5248629,d7dddbf4-2cf0-4f39-9b2a-bb099caae36c,7ddf754f-d193-4cc9-b351-99906754a03b,2532156,Lactarius,Lactarius deliciosus (L.) Gray,Lactarius deliciosus,Saffron Milkcap,(L.) Gray,SCIENTIFIC,SPECIES,SOURCE,ACCEPTED,[],,(1821). Nat. Arr. Brit. Pl. (London) 1: 624.,12,2023-08-22T23:20:59.545+00:00,2023-08-22T23:01:10.939+00:00,['ORIGINAL_NAME_DERIVED'],Agaricomycetes,2550903.0,Agaricus deliciosus L.
7719797,7719797,5949494,gbif:7719797,210304438.0,Fungi,Basidiomycota,Russulales,Russulaceae,Lactifluus,Lactifluus piperatus,5,34,186,1144,7609,6009534,7719797,d7dddbf4-2cf0-4f39-9b2a-bb099caae36c,7ddf754f-d193-4cc9-b351-99906754a03b,6009534,Lactifluus,Lactifluus piperatus (L.) Roussel,Lactifluus piperatus,Peppery Milkcap,(L.) Roussel,SCIENTIFIC,SPECIES,SOURCE,ACCEPTED,[],,"(1806). Fl. Calvados, Edn 2: 66.",5,2023-08-22T23:20:59.545+00:00,2023-08-22T23:01:04.713+00:00,['ORIGINAL_NAME_DERIVED'],Agaricomycetes,2551163.0,Agaricus piperatus L.
9072021,9072021,5965083,gbif:9072021,176064515.0,Fungi,Basidiomycota,Polyporales,Laetiporaceae,Laetiporus,Laetiporus sulphureus,5,34,186,1145,3272667,2542160,9072021,d7dddbf4-2cf0-4f39-9b2a-bb099caae36c,7ddf754f-d193-4cc9-b351-99906754a03b,2542160,Laetiporus,Laetiporus sulphureus (Bull.) Murrill,Laetiporus sulphureus,Chicken Of The Woods,(Bull.) Murrill,SCIENTIFIC,SPECIES,SOURCE,ACCEPTED,[],,(1920). Mycologia 12(1): 11.,20,2023-08-22T23:20:59.545+00:00,2023-08-22T23:01:32.379+00:00,['ORIGINAL_NAME_DERIVED'],Agaricomycetes,8196224.0,Boletus sulphureus Bull.
2544188,2544188,5737949,gbif:2544188,172104584.0,Fungi,Basidiomycota,Polyporales,Irpicaceae,Irpex,Irpex lacteus,5,34,186,1145,3292639,2518613,2544188,d7dddbf4-2cf0-4f39-9b2a-bb099caae36c,7ddf754f-d193-4cc9-b351-99906754a03b,2518613,Irpex,Irpex lacteus (Fr.) Fr.,Irpex lacteus,Milk-white Toothed Polypore,(Fr.) Fr.,SCIENTIFIC,SPECIES,SOURCE,ACCEPTED,[],,(1828). Elench. Fung. (Greifswald) 1: 142.,6,2023-08-22T23:20:59.545+00:00,2023-08-22T23:01:27.316+00:00,['ORIGINAL_NAME_DERIVED'],Agaricomycetes,5245828.0,Sistotrema lacteum Fr.
2543487,2543487,5745842,gbif:2543487,172108704.0,Fungi,Basidiomycota,Polyporales,Ischnodermataceae,Ischnoderma,Ischnoderma resinosum,5,34,186,1145,3306353,2519599,2543487,d7dddbf4-2cf0-4f39-9b2a-bb099caae36c,7ddf754f-d193-4cc9-b351-99906754a03b,2519599,Ischnoderma,Ischnoderma resinosum (Schrad.) P.Karst.,Ischnoderma resinosum,Resinous Polypore,(Schrad.) P.Karst.,SCIENTIFIC,SPECIES,SOURCE,ACCEPTED,[],,(1879). Meddn Soc. Fauna Flora Fenn. 5: 38.,0,2023-08-22T23:20:59.545+00:00,2023-08-22T23:01:08.347+00:00,[],Agaricomycetes,,
2594602,2594602,7172688,gbif:2594602,,Fungi,Ascomycota,Pezizales,Morchellaceae,Morchella,Morchella esculenta,5,95,316,1057,8398,2594601,2594602,d7dddbf4-2cf0-4f39-9b2a-bb099caae36c,7ddf754f-d193-4cc9-b351-99906754a03b,2594601,Morchella,Morchella esculenta (L.) Pers.,Morchella esculenta,Morel,(L.) Pers.,SCIENTIFIC,SPECIES,SOURCE,ACCEPTED,[],,(1794). Neues Mag. Bot. 1: 116.,11,2023-08-22T23:20:59.545+00:00,2023-08-22T22:58:01.562+00:00,['ORIGINAL_NAME_DERIVED'],Pezizomycetes,2594609.0,Phallus esculentus L.
3219423,3219423,12923892,gbif:3219423,164017786.0,Bacteria,Cyanobacteria,Cyanobacteriales,Nostocaceae,Nostoc,Nostoc commune,3,68,10774316,10793096,2884,3219414,3219423,d7dddbf4-2cf0-4f39-9b2a-bb099caae36c,9f3541fc-3179-4592-ac05-8c4726a7b00c,3219414,Nostoc,Nostoc commune Vaucher,Nostoc commune,,Vaucher,SCIENTIFIC,SPECIES,SOURCE,DOUBTFUL,[],Possible variant of Nostoc commune Vaucher ex Bornet & Flahault,,0,2023-08-22T23:20:59.545+00:00,2023-08-22T22:52:48.534+00:00,['ORTHOGRAPHIC_VARIANT'],Cyanobacteriia,,
2537081,2537081,7194804,gbif:2537081,172040444.0,Fungi,Basidiomycota,Agaricales,Physalacriaceae,Mucidula,Mucidula mucida,5,34,186,1499,4182,7243452,2537081,d7dddbf4-2cf0-4f39-9b2a-bb099caae36c,7ddf754f-d193-4cc9-b351-99906754a03b,7243452,Mucidula,Mucidula mucida (Schrad.) Pat.,Mucidula mucida,Porcelain Fungus,(Schrad.) Pat.,SCIENTIFIC,SPECIES,SOURCE,ACCEPTED,[],,(1887). Hyménomyc. Eur. (Paris): 96.,3,2023-08-22T23:20:59.545+00:00,2023-08-22T23:00:07.936+00:00,['ORIGINAL_NAME_DERIVED'],Agaricomycetes,8094334.0,Agaricus mucidus Schrad.
2537689,2537689,6771530,gbif:2537689,172048347.0,Fungi,Basidiomycota,Agaricales,Tricholomataceae,Megacollybia,Megacollybia platyphylla,5,34,186,1499,8787,2537688,2537689,d7dddbf4-2cf0-4f39-9b2a-bb099caae36c,7ddf754f-d193-4cc9-b351-99906754a03b,2537688,Megacollybia,Megacollybia platyphylla (Pers.) Kotl. & Pouzar,Megacollybia platyphylla,Whitelaced Shank,(Pers.) Kotl. & Pouzar,SCIENTIFIC,SPECIES,SOURCE,ACCEPTED,[],,(1972). ČEská Mykol. 26(4): 220.,3,2023-08-22T23:20:59.545+00:00,2023-08-22T23:00:10.278+00:00,['ORIGINAL_NAME_DERIVED'],Agaricomycetes,5243801.0,Agaricus platyphyllus Pers.
8031042,8031042,17472313,gbif:8031042,172040522.0,Fungi,Basidiomycota,Agaricales,Physalacriaceae,Hymenopellis,Hymenopellis radicata,5,34,186,1499,4182,8154036,8031042,d7dddbf4-2cf0-4f39-9b2a-bb099caae36c,7ddf754f-d193-4cc9-b351-99906754a03b,8154036,Hymenopellis,Hymenopellis radicata (Relhan) R.H.Petersen,Hymenopellis radicata,,(Relhan) R.H.Petersen,SCIENTIFIC,SPECIES,SOURCE,ACCEPTED,[],,"(2010). In Petersen & Hughes, Nova Hedwigia, Beih. 137: 202.",18,2023-08-22T23:20:59.545+00:00,2023-08-22T23:00:07.295+00:00,['ORIGINAL_NAME_DERIVED'],Agaricomycetes,2533080.0,Agaricus radicatus Relhan
3200167,3200167,8044235,gbif:3200167,117174128.0,Chromista,Ochrophyta,Dictyotales,Dictyotaceae,Padina,Padina antillarum,4,98,7073593,1180,7725,3200149,3200167,d7dddbf4-2cf0-4f39-9b2a-bb099caae36c,aacd816d-662c-49d2-ad1a-97e66e2a2908,3200149,Padina,Padina antillarum (Kütz.) Picc.,Padina antillarum,,(Kütz.) Picc.,SCIENTIFIC,SPECIES,SOURCE,ACCEPTED,[],,,0,2023-08-22T23:20:59.545+00:00,2023-08-22T22:54:41.485+00:00,[],Phaeophyceae,5423402.0,Zonaria antillarum Kütz.
9118025,9118025,8097802,gbif:9118025,172043578.0,Fungi,Basidiomycota,Agaricales,Mycenaceae,Panellus,Panellus stipticus,5,34,186,1499,4180,2526673,9118025,d7dddbf4-2cf0-4f39-9b2a-bb099caae36c,7ddf754f-d193-4cc9-b351-99906754a03b,2526673,Panellus,Panellus stipticus (Bull.) P.Karst.,Panellus stipticus,Bitter Oysterling,(Bull.) P.Karst.,SCIENTIFIC,SPECIES,SOURCE,ACCEPTED,[],,(1879). Hattsvampar 14: Fig. 172.,7,2023-08-22T23:20:59.545+00:00,2023-08-22T23:00:44.522+00:00,['ORIGINAL_NAME_DERIVED'],Agaricomycetes,2527675.0,Agaricus stipticus Bull.
5246153,5246153,8120207,gbif:5246153,172089000.0,Fungi,Basidiomycota,Polyporales,Panaceae,Panus,Panus rudis,5,34,186,1145,10058136,7850509,5246153,d7dddbf4-2cf0-4f39-9b2a-bb099caae36c,7ddf754f-d193-4cc9-b351-99906754a03b,7850509,Panus,Panus rudis Fr.,Panus rudis,,Fr.,SCIENTIFIC,SPECIES,SOURCE,ACCEPTED,[],,(1838). Epicr. Syst. Mycol. (Upsaliae): 398 (’1836-1838′).,0,2023-08-22T23:20:59.545+00:00,2023-08-22T23:01:06.056+00:00,[],Agaricomycetes,,
2606268,2606268,8259143,gbif:2606268,172230782.0,Fungi,Ascomycota,Lecanorales,Parmeliaceae,Parmotrema,Parmotrema tinctorum,5,95,180,1048,8305,2565599,2606268,d7dddbf4-2cf0-4f39-9b2a-bb099caae36c,7ddf754f-d193-4cc9-b351-99906754a03b,2565599,Parmotrema,Parmotrema tinctorum (Despr. ex Nyl.) Hale,Parmotrema tinctorum,Old Gray Ruffles,(Despr. ex Nyl.) Hale,SCIENTIFIC,SPECIES,SOURCE,ACCEPTED,[],,(1974). Phytologia 28(4): 339.,8,2023-08-22T23:20:59.545+00:00,2023-08-22T22:55:49.068+00:00,['ORIGINAL_NAME_DERIVED'],Lecanoromycetes,2606269.0,Parmelia tinctorum Despr. ex Nyl.
7693097,7693097,11017313,gbif:7693097,172015857.0,Fungi,Basidiomycota,Boletales,Tapinellaceae,Tapinella,Tapinella atrotomentosa,5,34,186,1063,4187,2525650,7693097,d7dddbf4-2cf0-4f39-9b2a-bb099caae36c,7ddf754f-d193-4cc9-b351-99906754a03b,2525650,Tapinella,Tapinella atrotomentosa (Batsch) Šutara,Tapinella atrotomentosa,Velvet Rollrim,(Batsch) Šutara,SCIENTIFIC,SPECIES,SOURCE,ACCEPTED,[],,(1992). ČEská Mykol. 46(1-2): 50.,2,2023-08-22T23:20:59.545+00:00,2023-08-22T23:01:17.134+00:00,['ORIGINAL_NAME_DERIVED'],Agaricomycetes,5244306.0,Agaricus atrotomentosus Batsch
7387256,7387256,15421451,gbif:7387256,131962009.0,Fungi,Ascomycota,Pezizales,Pezizaceae,Peziza,Peziza vesiculosa,5,95,316,1057,8399,8766080,7387256,d7dddbf4-2cf0-4f39-9b2a-bb099caae36c,1ec61203-14fa-4fbd-8ee5-a4a80257b45a,8766080,Peziza,Peziza vesiculosa Fr.,Peziza vesiculosa,,Fr.,SCIENTIFIC,SPECIES,SOURCE,DOUBTFUL,[],Possible variant of Peziza vesiculosa Bull.,,0,2023-08-22T23:20:59.545+00:00,2023-08-22T22:58:04.383+00:00,['ORTHOGRAPHIC_VARIANT'],Pezizomycetes,,
2525455,2525455,8795221,gbif:2525455,172018268.0,Fungi,Basidiomycota,Boletales,Sclerodermataceae,Pisolithus,Pisolithus arhizus,5,34,186,1063,8453,2525454,2525455,d7dddbf4-2cf0-4f39-9b2a-bb099caae36c,7ddf754f-d193-4cc9-b351-99906754a03b,2525454,Pisolithus,Pisolithus arhizus (Scop.) Rauschert,Pisolithus arhizus,Dyeball,(Scop.) Rauschert,SCIENTIFIC,SPECIES,SOURCE,ACCEPTED,[],,(1959). Z. Pilzk. 25(2): 50.,11,2023-08-22T23:20:59.545+00:00,2023-08-22T23:01:13.850+00:00,[],Agaricomycetes,,
2526548,2526548,8932063,gbif:2526548,172038517.0,Fungi,Basidiomycota,Agaricales,Pleurotaceae,Pleurotus,Pleurotus pulmonarius,5,34,186,1499,4183,2518610,2526548,d7dddbf4-2cf0-4f39-9b2a-bb099caae36c,7ddf754f-d193-4cc9-b351-99906754a03b,2518610,Pleurotus,Pleurotus pulmonarius (Fr.) Quél.,Pleurotus pulmonarius,Pale Oyster,(Fr.) Quél.,SCIENTIFIC,SPECIES,SOURCE,ACCEPTED,[],,"(1872). Mém. Soc. Émul. Montbéliard, Sér. 2 5: 11.",9,2023-08-22T23:20:59.545+00:00,2023-08-22T22:59:54.824+00:00,['ORIGINAL_NAME_DERIVED'],Agaricomycetes,5240396.0,Agaricus pulmonarius Fr.
9284704,9284704,37557706,gbif:9284704,172093760.0,Fungi,Basidiomycota,Polyporales,Polyporaceae,Cerioporus,Cerioporus leptocephalus,5,34,186,1145,3286,7240748,9284704,d7dddbf4-2cf0-4f39-9b2a-bb099caae36c,7ddf754f-d193-4cc9-b351-99906754a03b,7240748,Cerioporus,Cerioporus leptocephalus (Jacq.) Zmitr.,Cerioporus leptocephalus,Blackfoot Polypore,(Jacq.) Zmitr.,SCIENTIFIC,SPECIES,SOURCE,ACCEPTED,[],,(2016). International Journal of Medicinal Mushrooms (Redding) 18(1): 33.,0,2023-08-22T23:20:59.545+00:00,2023-08-22T23:01:20.772+00:00,['ORIGINAL_NAME_DERIVED'],Agaricomycetes,5954539.0,Boletus leptocephalus Jacq.
7652320,7652320,11360618,gbif:7652320,119271486.0,Fungi,Basidiomycota,Polyporales,Polyporaceae,Trametes,Trametes versicolor,5,34,186,1145,3286,2519084,7652320,d7dddbf4-2cf0-4f39-9b2a-bb099caae36c,155b33d2-84b1-4a31-9287-9d9e900bc6c8,2519084,Trametes,Trametes versicolor (L.) Pilát,Trametes versicolor,,(L.) Pilát,SCIENTIFIC,SPECIES,SOURCE,DOUBTFUL,[],Possible variant of Trametes versicolor (L.) Lloyd,,0,2023-08-22T23:20:59.545+00:00,2023-08-22T23:01:13.499+00:00,['ORTHOGRAPHIC_VARIANT'],Agaricomycetes,,
2549306,2549306,18515297,gbif:2549306,210303234.0,Fungi,Basidiomycota,Polyporales,Fomitopsidaceae,Wolfiporia,Wolfiporia cocos,5,34,186,1145,7619,2549292,2549306,d7dddbf4-2cf0-4f39-9b2a-bb099caae36c,7ddf754f-d193-4cc9-b351-99906754a03b,2549292,Wolfiporia,Wolfiporia cocos (F.A.Wolf) Ryvarden & Gilb.,Wolfiporia cocos,,(F.A.Wolf) Ryvarden & Gilb.,SCIENTIFIC,SPECIES,SOURCE,ACCEPTED,[],,(1984). Mycotaxon 19: 141.,5,2023-08-22T23:20:59.545+00:00,2023-08-22T23:01:00.942+00:00,['ORIGINAL_NAME_DERIVED'],Agaricomycetes,5248135.0,Poria cocos F.A.Wolf
9227816,9227816,11359201,gbif:9227816,194435164.0,Fungi,Basidiomycota,Polyporales,Polyporaceae,Trametes,Trametes cinnabarina,5,34,186,1145,3286,2519084,9227816,d7dddbf4-2cf0-4f39-9b2a-bb099caae36c,7ddf754f-d193-4cc9-b351-99906754a03b,2519084,Trametes,Trametes cinnabarina (Jacq.) Fr.,Trametes cinnabarina,Northern Cinnabar Polypore,(Jacq.) Fr.,SCIENTIFIC,SPECIES,SOURCE,ACCEPTED,[],,"(1849). Summa Veg. Scand., Sectio Post. (Stockholm): 323.",2,2023-08-22T23:20:59.545+00:00,2023-08-22T23:01:14.423+00:00,['ORIGINAL_NAME_DERIVED'],Agaricomycetes,7634133.0,Boletus cinnabarinus Jacq.
2542126,2542126,8502305,gbif:2542126,176064569.0,Fungi,Basidiomycota,Polyporales,Laetiporaceae,Phaeolus,Phaeolus schweinitzii,5,34,186,1145,3272667,2519269,2542126,d7dddbf4-2cf0-4f39-9b2a-bb099caae36c,7ddf754f-d193-4cc9-b351-99906754a03b,2519269,Phaeolus,Phaeolus schweinitzii (Fr.) Pat.,Phaeolus schweinitzii,"Velvet-top Fungus, Dyer's Polypore, Dyer's Mazegill, Pine Dye Polypore",(Fr.) Pat.,SCIENTIFIC,SPECIES,SOURCE,ACCEPTED,[],,(1900). Essai Tax. Hyménomyc. (Lons-Le-Saunier): 86.,8,2023-08-22T23:20:59.545+00:00,2023-08-22T23:01:32.654+00:00,['ORIGINAL_NAME_DERIVED'],Agaricomycetes,7180677.0,Polyporus schweinitzii Fr.
2524108,2524108,8518760,gbif:2524108,172082905.0,Fungi,Basidiomycota,Phallales,Phallaceae,Phallus,Phallus indusiatus,5,34,186,532,3292,2524102,2524108,d7dddbf4-2cf0-4f39-9b2a-bb099caae36c,7ddf754f-d193-4cc9-b351-99906754a03b,2524102,Phallus,Phallus indusiatus Vent.,Phallus indusiatus,Bridal Veil Stinkhorn,Vent.,SCIENTIFIC,SPECIES,SOURCE,ACCEPTED,[],,(1798). Mém. Inst. Nat. Sci. Arts 1: 520.,12,2023-08-22T23:20:59.545+00:00,2023-08-22T23:00:52.223+00:00,[],Agaricomycetes,,
6014310,6014310,8518991,gbif:6014310,172082852.0,Fungi,Basidiomycota,Phallales,Phallaceae,Phallus,Phallus rubicundus,5,34,186,532,3292,2524102,6014310,d7dddbf4-2cf0-4f39-9b2a-bb099caae36c,7ddf754f-d193-4cc9-b351-99906754a03b,2524102,Phallus,Phallus rubicundus (Bosc) Fr.,Phallus rubicundus,,(Bosc) Fr.,SCIENTIFIC,SPECIES,SOURCE,ACCEPTED,[],,(1823). Syst. Mycol. (Lundae) 2(2): 284.,1,2023-08-22T23:20:59.545+00:00,2023-08-22T23:00:52.189+00:00,['ORIGINAL_NAME_DERIVED'],Agaricomycetes,6332934.0,Satyrus rubicundus Bosc
7624816,7624816,17471921,gbif:7624816,172081140.0,Fungi,Basidiomycota,Hymenochaetales,Hymenochaetaceae,Phellinopsis,Phellinopsis conchata,5,34,186,1304,8468,7435936,7624816,d7dddbf4-2cf0-4f39-9b2a-bb099caae36c,7ddf754f-d193-4cc9-b351-99906754a03b,7435936,Phellinopsis,Phellinopsis conchata (Pers.) Y.C.Dai,Phellinopsis conchata,,(Pers.) Y.C.Dai,SCIENTIFIC,SPECIES,SOURCE,ACCEPTED,[],,(2010). Fungal Diversity 45: 309.,1,2023-08-22T23:20:59.545+00:00,2023-08-22T23:00:02.066+00:00,[],Agaricomycetes,,
2520519,2520519,8545912,gbif:2520519,172080969.0,Fungi,Basidiomycota,Hymenochaetales,Hymenochaetaceae,Phellinus,Phellinus gilvus,5,34,186,1304,8468,2520108,2520519,d7dddbf4-2cf0-4f39-9b2a-bb099caae36c,7ddf754f-d193-4cc9-b351-99906754a03b,2520108,Phellinus,Phellinus gilvus (Schwein.) Pat.,Phellinus gilvus,,(Schwein.) Pat.,SCIENTIFIC,SPECIES,SOURCE,ACCEPTED,[],,(1900). Essai Tax. Hyménomyc. (Lons-Le-Saunier): 82.,14,2023-08-22T23:20:59.545+00:00,2023-08-22T22:59:56.339+00:00,['ORIGINAL_NAME_DERIVED'],Agaricomycetes,5238119.0,Boletus gilvus Schwein.
2520862,2520862,8546060,gbif:2520862,172080764.0,Fungi,Basidiomycota,Hymenochaetales,Hymenochaetaceae,Phellinus,Phellinus igniarius,5,34,186,1304,8468,2520108,2520862,d7dddbf4-2cf0-4f39-9b2a-bb099caae36c,7ddf754f-d193-4cc9-b351-99906754a03b,2520108,Phellinus,Phellinus igniarius (L.) Quél.,Phellinus igniarius,Willow Bracket,(L.) Quél.,SCIENTIFIC,SPECIES,SOURCE,ACCEPTED,[],,(1886). Enchir. Fung. (Paris): 177.,15,2023-08-22T23:20:59.545+00:00,2023-08-22T22:59:57.365+00:00,['ORIGINAL_NAME_DERIVED'],Agaricomycetes,5237986.0,Boletus igniarius L.
7519086,7519086,41003550,gbif:7519086,172079992.0,Fungi,Basidiomycota,Hymenochaetales,Hymenochaetaceae,Tropicoporus,Tropicoporus linteus,5,34,186,1304,8468,7933662,7519086,d7dddbf4-2cf0-4f39-9b2a-bb099caae36c,7ddf754f-d193-4cc9-b351-99906754a03b,7933662,Tropicoporus,Tropicoporus linteus (Berk. & M.A.Curtis) L.W.Zhou & Y.C.Dai,Tropicoporus linteus,,(Berk. & M.A.Curtis) L.W.Zhou & Y.C.Dai,SCIENTIFIC,SPECIES,SOURCE,ACCEPTED,[],,"(2015). In Zhou, Vlasák, Decock, Assefa, Stenlid, Abate, Wu & Dai, Fungal Diversity 77: 344.",3,2023-08-22T23:20:59.545+00:00,2023-08-22T22:59:54.471+00:00,['ORIGINAL_NAME_DERIVED'],Agaricomycetes,5238209.0,Polyporus linteus Berk. & M.A.Curtis
2534085,2534085,17264278,gbif:2534085,172035173.0,Fungi,Basidiomycota,Agaricales,Strophariaceae,Pholiota,Pholiota adiposa,5,34,186,1499,4186,2528397,2534085,d7dddbf4-2cf0-4f39-9b2a-bb099caae36c,7ddf754f-d193-4cc9-b351-99906754a03b,2528397,Pholiota,Pholiota adiposa (Batsch) P.Kumm.,Pholiota adiposa,,(Batsch) P.Kumm.,SCIENTIFIC,SPECIES,SOURCE,ACCEPTED,[],,(1871). Führ. Pilzk. (Zerbst): 84.,4,2023-08-22T23:20:59.545+00:00,2023-08-22T23:00:02.879+00:00,['ORIGINAL_NAME_DERIVED'],Agaricomycetes,2534087.0,Agaricus adiposus Batsch
9109424,9109424,8603478,gbif:9109424,172034614.0,Fungi,Basidiomycota,Agaricales,Strophariaceae,Pholiota,Pholiota spumosa,5,34,186,1499,4186,2528397,9109424,d7dddbf4-2cf0-4f39-9b2a-bb099caae36c,7ddf754f-d193-4cc9-b351-99906754a03b,2528397,Pholiota,Pholiota spumosa (Fr.) Singer,Pholiota spumosa,,(Fr.) Singer,SCIENTIFIC,SPECIES,SOURCE,ACCEPTED,[],,(1948). Sydowia 2(1-6): 39.,2,2023-08-22T23:20:59.545+00:00,2023-08-22T23:00:03.417+00:00,['ORIGINAL_NAME_DERIVED'],Agaricomycetes,5242706.0,Agaricus spumosus Fr.
8618631,8618631,8518890,gbif:8618631,193998158.0,Fungi,Basidiomycota,Phallales,Phallaceae,Phallus,Phallus multicolor,5,34,186,532,3292,2524102,8618631,d7dddbf4-2cf0-4f39-9b2a-bb099caae36c,0e61f8fe-7d25-4f81-ada7-d970bbb2c6d6,2524102,Phallus,"Phallus multicolor (Berk. & Broome) Cooke, 1882",Phallus multicolor,,"(Berk. & Broome) Cooke, 1882",SCIENTIFIC,SPECIES,SOURCE,ACCEPTED,[],,,2,2023-08-22T23:20:59.545+00:00,2023-08-22T23:00:51.897+00:00,['ORIGINAL_NAME_DERIVED'],Agaricomycetes,8452411.0,"Dictyophora multicolor Berk. & Broome, 1883"
3197849,3197849,12906935,gbif:3197849,117173824.0,Chromista,Ochrophyta,Scytosiphonales,Scytosiphonaceae,Rosenvingea,Rosenvingea intricata,4,98,7073593,1309,8501,3197848,3197849,d7dddbf4-2cf0-4f39-9b2a-bb099caae36c,aacd816d-662c-49d2-ad1a-97e66e2a2908,3197848,Rosenvingea,Rosenvingea intricata (J.Agardh) Børgesen,Rosenvingea intricata,,(J.Agardh) Børgesen,SCIENTIFIC,SPECIES,SOURCE,ACCEPTED,[],,,0,2023-08-22T23:20:59.545+00:00,2023-08-22T22:54:36.598+00:00,[],Phaeophyceae,,
9223923,9223923,9957199,gbif:9223923,172093269.0,Fungi,Basidiomycota,Russulales,Russulaceae,Russula,Russula adusta,5,34,186,1144,7609,2551169,9223923,d7dddbf4-2cf0-4f39-9b2a-bb099caae36c,7ddf754f-d193-4cc9-b351-99906754a03b,2551169,Russula,Russula adusta (Pers.) Fr.,Russula adusta,Winecork Brittlegill,(Pers.) Fr.,SCIENTIFIC,SPECIES,SOURCE,ACCEPTED,[],,(1838). Epicr. Syst. Mycol. (Upsaliae): 350 (’1836-1838′).,15,2023-08-22T23:20:59.545+00:00,2023-08-22T23:01:17.856+00:00,['ORIGINAL_NAME_DERIVED'],Agaricomycetes,2551494.0,Agaricus adustus Pers.
2551318,2551318,9957824,gbif:2551318,172093117.0,Fungi,Basidiomycota,Russulales,Russulaceae,Russula,Russula alutacea,5,34,186,1144,7609,2551169,2551318,d7dddbf4-2cf0-4f39-9b2a-bb099caae36c,7ddf754f-d193-4cc9-b351-99906754a03b,2551169,Russula,Russula alutacea (Fr.) Fr.,Russula alutacea,,(Fr.) Fr.,SCIENTIFIC,SPECIES,SOURCE,ACCEPTED,[],,(1838). Epicr. Syst. Mycol. (Upsaliae): 362 (’1836-1838′).,1,2023-08-22T23:20:59.545+00:00,2023-08-22T23:01:17.659+00:00,['ORIGINAL_NAME_DERIVED'],Agaricomycetes,2551308.0,Agaricus alutaceus Fr.
3359641,3359641,18040725,gbif:3359641,142381959.0,Fungi,Basidiomycota,Russulales,Russulaceae,Russula,Russula crustosa,5,34,186,1144,7609,2551169,3359641,d7dddbf4-2cf0-4f39-9b2a-bb099caae36c,61a5f178-b5fb-4484-b6d8-9b129739e59d,2551169,Russula,"Russula crustosa Peck, 1887",Russula crustosa,Green Quilt Russula,"Peck, 1887",SCIENTIFIC,SPECIES,SOURCE,ACCEPTED,[],,,7,2023-08-22T23:20:59.545+00:00,2023-08-22T23:01:05.171+00:00,[],Agaricomycetes,,
2551542,2551542,9958460,gbif:2551542,176059500.0,Fungi,Basidiomycota,Russulales,Russulaceae,Russula,Russula cyanoxantha,5,34,186,1144,7609,2551169,2551542,d7dddbf4-2cf0-4f39-9b2a-bb099caae36c,7ddf754f-d193-4cc9-b351-99906754a03b,2551169,Russula,Russula cyanoxantha (Schaeff.) Fr.,Russula cyanoxantha,Charcoal Burner,(Schaeff.) Fr.,SCIENTIFIC,SPECIES,SOURCE,ACCEPTED,[],,(1863). Monogr. Hymenomyc. Suec. (Upsaliae) 2(2): 194.,24,2023-08-22T23:20:59.545+00:00,2023-08-22T23:01:20.134+00:00,['ORIGINAL_NAME_DERIVED'],Agaricomycetes,5248843.0,Agaricus cyanoxanthus Schaeff.
2551331,2551331,9958585,gbif:2551331,176059479.0,Fungi,Basidiomycota,Russulales,Russulaceae,Russula,Russula delica,5,34,186,1144,7609,2551169,2551331,d7dddbf4-2cf0-4f39-9b2a-bb099caae36c,7ddf754f-d193-4cc9-b351-99906754a03b,2551169,Russula,Russula delica Fr.,Russula delica,Milk White Brittlegill,Fr.,SCIENTIFIC,SPECIES,SOURCE,ACCEPTED,[],,(1838). Epicr. Syst. Mycol. (Upsaliae): 350 (’1836-1838′).,7,2023-08-22T23:20:59.545+00:00,2023-08-22T23:01:20.384+00:00,[],Agaricomycetes,,
2551447,2551447,18517146,gbif:2551447,172091177.0,Fungi,Basidiomycota,Russulales,Russulaceae,Russula,Russula foetens,5,34,186,1144,7609,2551169,2551447,d7dddbf4-2cf0-4f39-9b2a-bb099caae36c,7ddf754f-d193-4cc9-b351-99906754a03b,2551169,Russula,Russula foetens Pers.,Russula foetens,Stinking Brittlegill,Pers.,SCIENTIFIC,SPECIES,SOURCE,ACCEPTED,[],,(1796). Observ. Mycol. (Lipsiae) 1: 102.,7,2023-08-22T23:20:59.545+00:00,2023-08-22T23:01:18.705+00:00,[],Agaricomycetes,,
9223923,9223923,9957199,gbif:9223923,172093269.0,Fungi,Basidiomycota,Russulales,Russulaceae,Russula,Russula adusta,5,34,186,1144,7609,2551169,9223923,d7dddbf4-2cf0-4f39-9b2a-bb099caae36c,7ddf754f-d193-4cc9-b351-99906754a03b,2551169,Russula,Russula adusta (Pers.) Fr.,Russula adusta,Winecork Brittlegill,(Pers.) Fr.,SCIENTIFIC,SPECIES,SOURCE,ACCEPTED,[],,(1838). Epicr. Syst. Mycol. (Upsaliae): 350 (’1836-1838′).,15,2023-08-22T23:20:59.545+00:00,2023-08-22T23:01:17.856+00:00,['ORIGINAL_NAME_DERIVED'],Agaricomycetes,2551494.0,Agaricus adustus Pers.
2551415,2551415,9964483,gbif:2551415,172087339.0,Fungi,Basidiomycota,Russulales,Russulaceae,Russula,Russula vesca,5,34,186,1144,7609,2551169,2551415,d7dddbf4-2cf0-4f39-9b2a-bb099caae36c,7ddf754f-d193-4cc9-b351-99906754a03b,2551169,Russula,Russula vesca Fr.,Russula vesca,The Flirt,Fr.,SCIENTIFIC,SPECIES,SOURCE,ACCEPTED,[],,(1836). Anteckn. Sver. Ätl. Svamp.: 51.,4,2023-08-22T23:20:59.545+00:00,2023-08-22T23:01:14.029+00:00,[],Agaricomycetes,,
2551423,2551423,9964709,gbif:2551423,172087219.0,Fungi,Basidiomycota,Russulales,Russulaceae,Russula,Russula virescens,5,34,186,1144,7609,2551169,2551423,d7dddbf4-2cf0-4f39-9b2a-bb099caae36c,7ddf754f-d193-4cc9-b351-99906754a03b,2551169,Russula,Russula virescens (Schaeff.) Fr.,Russula virescens,Greencracked Brittlegill,(Schaeff.) Fr.,SCIENTIFIC,SPECIES,SOURCE,ACCEPTED,[],,(1836). Anteckn. Sver. Ätl. Svamp.: 50.,8,2023-08-22T23:20:59.545+00:00,2023-08-22T23:01:18.008+00:00,['ORIGINAL_NAME_DERIVED'],Agaricomycetes,2539280.0,Agaricus virescens Schaeff.
2551356,2551356,9964910,gbif:2551356,172087099.0,Fungi,Basidiomycota,Russulales,Russulaceae,Russula,Russula xerampelina,5,34,186,1144,7609,2551169,2551356,d7dddbf4-2cf0-4f39-9b2a-bb099caae36c,7ddf754f-d193-4cc9-b351-99906754a03b,2551169,Russula,Russula xerampelina (Schaeff.) Fr.,Russula xerampelina,Crab Brittlegill,(Schaeff.) Fr.,SCIENTIFIC,SPECIES,SOURCE,ACCEPTED,[],,(1838). Epicr. Syst. Mycol. (Upsaliae): 356 (’1836-1838′).,14,2023-08-22T23:20:59.545+00:00,2023-08-22T23:01:19.958+00:00,['ORIGINAL_NAME_DERIVED'],Agaricomycetes,5241930.0,Agaricus xerampelinus Schaeff.
2599166,2599166,17620793,gbif:2599166,154768126.0,Fungi,Ascomycota,Saccharomycetales,Saccharomycetaceae,Saccharomyces,Saccharomyces cerevisiae,5,95,182,1281,4140,2518181,2599166,d7dddbf4-2cf0-4f39-9b2a-bb099caae36c,2d59e5db-57ad-41ff-97d6-11f5fb264527,2518181,Saccharomyces,"Saccharomyces cerevisiae Meyen ex E.C.Hansen, 1883",Saccharomyces cerevisiae,baker's yeast,"Meyen ex E.C.Hansen, 1883",SCIENTIFIC,SPECIES,SOURCE,DOUBTFUL,[],Possible variant of Saccharomyces cerevisiae (Desm.) Meyen,,92,2023-08-22T23:20:59.545+00:00,2023-08-22T22:56:32.027+00:00,['ORTHOGRAPHIC_VARIANT'],Saccharomycetes,,
3196783,3196783,25171131,gbif:3196783,158312006.0,Chromista,Ochrophyta,Fucales,Sargassaceae,Sargassum,Sargassum aquifolium,4,98,7073593,1182,7733,3196548,3196783,d7dddbf4-2cf0-4f39-9b2a-bb099caae36c,763a8aa3-65de-443e-bd20-bbe958a1ef74,3196548,Sargassum,Sargassum aquifolium (Turner) C.Agardh,Sargassum aquifolium,,(Turner) C.Agardh,SCIENTIFIC,SPECIES,SOURCE,ACCEPTED,[],,,0,2023-08-22T23:20:59.545+00:00,2023-08-22T22:54:32.584+00:00,['ORIGINAL_NAME_DERIVED'],Phaeophyceae,3196784.0,"Fucus aquifolius Turner, 1807"
3196682,3196682,17144516,gbif:3196682,102316789.0,Chromista,Ochrophyta,Fucales,Sargassaceae,Sargassum,Sargassum flavicans,4,98,7073593,1182,7733,3196548,3196682,d7dddbf4-2cf0-4f39-9b2a-bb099caae36c,9ca92552-f23a-41a8-a140-01abaa31c931,3196548,Sargassum,Sargassum flavicans (Mertens) C.Ag.,Sargassum flavicans,,(Mertens) C.Ag.,SCIENTIFIC,SPECIES,SOURCE,ACCEPTED,[],,,2,2023-08-22T23:20:59.545+00:00,2023-08-22T22:54:32.461+00:00,['ORIGINAL_NAME_DERIVED'],Phaeophyceae,3196684.0,"Fucus flavicans Mertens, 1819"
3197021,3197021,10069013,gbif:3197021,194001876.0,Chromista,Ochrophyta,Fucales,Sargassaceae,Sargassum,Sargassum henslowianum,4,98,7073593,1182,7733,3196548,3197021,d7dddbf4-2cf0-4f39-9b2a-bb099caae36c,0e61f8fe-7d25-4f81-ada7-d970bbb2c6d6,3196548,Sargassum,"Sargassum henslowianum C.Agardh, 1848",Sargassum henslowianum,,"C.Agardh, 1848",SCIENTIFIC,SPECIES,SOURCE,ACCEPTED,[],,,0,2023-08-22T23:20:59.545+00:00,2023-08-22T22:54:32.399+00:00,[],Phaeophyceae,,
3197104,3197104,10070602,gbif:3197104,131954123.0,Chromista,Ochrophyta,Fucales,Sargassaceae,Sargassum,Sargassum tenerrimum,4,98,7073593,1182,7733,3196548,3197104,d7dddbf4-2cf0-4f39-9b2a-bb099caae36c,1ec61203-14fa-4fbd-8ee5-a4a80257b45a,3196548,Sargassum,"Sargassum tenerrimum J.Agardh, 1848",Sargassum tenerrimum,,"J.Agardh, 1848",SCIENTIFIC,SPECIES,SOURCE,ACCEPTED,[],,,0,2023-08-22T23:20:59.545+00:00,2023-08-22T22:54:32.235+00:00,[],Phaeophyceae,,
3218108,3218108,17484602,gbif:3218108,159998786.0,Bacteria,Cyanobacteria,Cyanobacteriales,Microcoleaceae,Arthrospira,Arthrospira platensis,3,68,10774316,10793096,7941427,3218397,3218108,d7dddbf4-2cf0-4f39-9b2a-bb099caae36c,de8934f4-a136-481c-a87a-b0b202b80a31,3218397,Arthrospira,Arthrospira platensis Gomont,Arthrospira platensis,,Gomont,SCIENTIFIC,SPECIES,SOURCE,ACCEPTED,[],,,3,2023-08-22T23:20:59.545+00:00,2023-08-22T22:52:45.845+00:00,[],Cyanobacteriia,,
2553128,2553128,10740313,gbif:2553128,176058266.0,Fungi,Basidiomycota,Russulales,Stereaceae,Stereum,Stereum hirsutum,5,34,186,1144,3279,2513764,2553128,d7dddbf4-2cf0-4f39-9b2a-bb099caae36c,7ddf754f-d193-4cc9-b351-99906754a03b,2513764,Stereum,Stereum hirsutum (Willd.) Pers.,Stereum hirsutum,Hairy Curtain Crust,(Willd.) Pers.,SCIENTIFIC,SPECIES,SOURCE,ACCEPTED,[],,(1800). Observ. Mycol. (Lipsiae) 2: 90 (’1799′).,10,2023-08-22T23:20:59.545+00:00,2023-08-22T23:01:01.732+00:00,['ORIGINAL_NAME_DERIVED'],Agaricomycetes,2553132.0,Thelephora hirsuta Willd.
7623986,7623986,18517673,gbif:7623986,172016705.0,Fungi,Basidiomycota,Boletales,Suillaceae,Suillus,Suillus bovinus,5,34,186,1063,8455,7414997,7623986,d7dddbf4-2cf0-4f39-9b2a-bb099caae36c,7ddf754f-d193-4cc9-b351-99906754a03b,7414997,Suillus,Suillus bovinus (L.) Roussel,Suillus bovinus,Bovine Bolete,(L.) Roussel,SCIENTIFIC,SPECIES,SOURCE,ACCEPTED,[],,(1796). Fl. Calvados: 34.,5,2023-08-22T23:20:59.545+00:00,2023-08-22T23:00:57.458+00:00,['ORIGINAL_NAME_DERIVED'],Agaricomycetes,8134831.0,Boletus bovinus L.
8146046,8146046,10876211,gbif:8146046,176033871.0,Fungi,Basidiomycota,Boletales,Suillaceae,Suillus,Suillus granulatus,5,34,186,1063,8455,7414997,8146046,d7dddbf4-2cf0-4f39-9b2a-bb099caae36c,7ddf754f-d193-4cc9-b351-99906754a03b,7414997,Suillus,Suillus granulatus (L.) Roussel,Suillus granulatus,Weeping Bolete,(L.) Roussel,SCIENTIFIC,SPECIES,SOURCE,ACCEPTED,[],,(1796). Fl. Calvados: 34.,7,2023-08-22T23:20:59.545+00:00,2023-08-22T23:00:57.191+00:00,['ORIGINAL_NAME_DERIVED'],Agaricomycetes,7864731.0,Boletus granulatus L.
7777157,7777157,10876528,gbif:7777157,172016417.0,Fungi,Basidiomycota,Boletales,Suillaceae,Suillus,Suillus luteus,5,34,186,1063,8455,7414997,7777157,d7dddbf4-2cf0-4f39-9b2a-bb099caae36c,7ddf754f-d193-4cc9-b351-99906754a03b,7414997,Suillus,Suillus luteus (L.) Roussel,Suillus luteus,Slippery Jack,(L.) Roussel,SCIENTIFIC,SPECIES,SOURCE,ACCEPTED,[],,(1796). Fl. Calvados: 34.,7,2023-08-22T23:20:59.545+00:00,2023-08-22T23:00:56.811+00:00,['ORIGINAL_NAME_DERIVED'],Agaricomycetes,7414376.0,Boletus luteus L.
5239982,5239982,10196591,gbif:5239982,172018000.0,Fungi,Basidiomycota,Boletales,Sclerodermataceae,Scleroderma,Scleroderma citrinum,5,34,186,1063,8453,2524936,5239982,d7dddbf4-2cf0-4f39-9b2a-bb099caae36c,7ddf754f-d193-4cc9-b351-99906754a03b,2524936,Scleroderma,Scleroderma citrinum Pers.,Scleroderma citrinum,Common Earthball,Pers.,SCIENTIFIC,SPECIES,SOURCE,ACCEPTED,[],,(1801). Syn. Meth. Fung. (Göttingen) 1: 153.,4,2023-08-22T23:20:59.545+00:00,2023-08-22T23:01:13.432+00:00,[],Agaricomycetes,,
5239937,5239937,10196682,gbif:5239937,172018063.0,Fungi,Basidiomycota,Boletales,Sclerodermataceae,Scleroderma,Scleroderma flavidum,5,34,186,1063,8453,2524936,5239937,d7dddbf4-2cf0-4f39-9b2a-bb099caae36c,7ddf754f-d193-4cc9-b351-99906754a03b,2524936,Scleroderma,Scleroderma flavidum Ellis & Everh.,Scleroderma flavidum,,Ellis & Everh.,SCIENTIFIC,SPECIES,SOURCE,ACCEPTED,[],,(1885). J. Mycol. 1(7): 88.,0,2023-08-22T23:20:59.545+00:00,2023-08-22T23:01:13.399+00:00,[],Agaricomycetes,,
5239959,5239959,10197378,gbif:5239959,172017874.0,Fungi,Basidiomycota,Boletales,Sclerodermataceae,Scleroderma,Scleroderma verrucosum,5,34,186,1063,8453,2524936,5239959,d7dddbf4-2cf0-4f39-9b2a-bb099caae36c,7ddf754f-d193-4cc9-b351-99906754a03b,2524936,Scleroderma,Scleroderma verrucosum (Bull.) Pers.,Scleroderma verrucosum,Scaly Earthball,(Bull.) Pers.,SCIENTIFIC,SPECIES,SOURCE,ACCEPTED,[],,(1801). Syn. Meth. Fung. (Göttingen) 1: 154.,3,2023-08-22T23:20:59.545+00:00,2023-08-22T23:01:13.488+00:00,['ORIGINAL_NAME_DERIVED'],Agaricomycetes,5239961.0,Lycoperdon verrucosum Bull.
5241128,5241128,10155085,gbif:5241128,176049602.0,Fungi,Basidiomycota,Agaricales,Schizophyllaceae,Schizophyllum,Schizophyllum commune,5,34,186,1499,4185,2529580,5241128,d7dddbf4-2cf0-4f39-9b2a-bb099caae36c,7ddf754f-d193-4cc9-b351-99906754a03b,2529580,Schizophyllum,Schizophyllum commune Fr.,Schizophyllum commune,"Common Porecrust, Split Gill Fungus",Fr.,SCIENTIFIC,SPECIES,SOURCE,ACCEPTED,[],,(1815). Observ. Mycol. (Havniae) 1: 103.,20,2023-08-22T23:20:59.545+00:00,2023-08-22T23:00:35.190+00:00,[],Agaricomycetes,,
3339816,3339816,6591560,gbif:3339816,172062084.0,Fungi,Basidiomycota,Agaricales,Agaricaceae,Macrolepiota,Macrolepiota albuminosa,5,34,186,1499,4170,2536706,3339816,d7dddbf4-2cf0-4f39-9b2a-bb099caae36c,7ddf754f-d193-4cc9-b351-99906754a03b,2536706,Macrolepiota,Macrolepiota albuminosa (Berk.) Pegler,Macrolepiota albuminosa,,(Berk.) Pegler,SCIENTIFIC,SPECIES,SOURCE,ACCEPTED,[],,(1972). Kew Bull. 27(1): 189.,0,2023-08-22T23:20:59.545+00:00,2023-08-22T23:00:16.290+00:00,['ORIGINAL_NAME_DERIVED'],Agaricomycetes,5459031.0,Agaricus albuminosus Berk.
3197381,3197381,34588274,gbif:3197381,168024355.0,Chromista,Ochrophyta,Fucales,Sargassaceae,Turbinaria,Turbinaria ornata,4,98,7073593,1182,7733,3197378,3197381,d7dddbf4-2cf0-4f39-9b2a-bb099caae36c,a6c6cead-b5ce-4a4e-8cf5-1542ba708dec,3197378,Turbinaria,Turbinaria ornata (Turner) J.Agardh,Turbinaria ornata,,(Turner) J.Agardh,SCIENTIFIC,SPECIES,SOURCE,ACCEPTED,[],,,4,2023-08-22T23:20:59.545+00:00,2023-08-22T22:54:31.460+00:00,['ORIGINAL_NAME_DERIVED'],Phaeophyceae,11224675.0,Fucus turbinatus subsp. ornata Turner
9208081,9208081,11360047,gbif:9208081,172085625.0,Fungi,Basidiomycota,Polyporales,Polyporaceae,Trametes,Trametes gibbosa,5,34,186,1145,3286,2519084,9208081,d7dddbf4-2cf0-4f39-9b2a-bb099caae36c,7ddf754f-d193-4cc9-b351-99906754a03b,2519084,Trametes,Trametes gibbosa (Pers.) Fr.,Trametes gibbosa,Lumpy Bracket,(Pers.) Fr.,SCIENTIFIC,SPECIES,SOURCE,ACCEPTED,[],,(1838). Epicr. Syst. Mycol. (Upsaliae): 492 (’1836-1838′).,3,2023-08-22T23:20:59.545+00:00,2023-08-22T23:01:14.009+00:00,[],Agaricomycetes,,
8367739,8367739,11360245,gbif:8367739,119271504.0,Fungi,Basidiomycota,Polyporales,Polyporaceae,Trametes,Trametes hirsuta,5,34,186,1145,3286,2519084,8367739,d7dddbf4-2cf0-4f39-9b2a-bb099caae36c,155b33d2-84b1-4a31-9287-9d9e900bc6c8,2519084,Trametes,Trametes hirsuta (Wulfen) Pilát,Trametes hirsuta,Hairy Bracket,(Wulfen) Pilát,SCIENTIFIC,SPECIES,SOURCE,DOUBTFUL,[],Possible variant of Trametes hirsuta (Wulfen) Lloyd,,9,2023-08-22T23:20:59.545+00:00,2023-08-22T23:01:13.443+00:00,['ORTHOGRAPHIC_VARIANT'],Agaricomycetes,,
3365664,3365664,11359241,gbif:3365664,172085257.0,Fungi,Basidiomycota,Polyporales,Polyporaceae,Trametes,Trametes orientalis,5,34,186,1145,3286,2519084,3365664,d7dddbf4-2cf0-4f39-9b2a-bb099caae36c,7ddf754f-d193-4cc9-b351-99906754a03b,2519084,Trametes,Trametes orientalis (Yasuda) Imazeki,Trametes orientalis,,(Yasuda) Imazeki,SCIENTIFIC,SPECIES,SOURCE,ACCEPTED,[],,(1943). Bull. Tokyo Sci. Mus. 6: 73.,1,2023-08-22T23:20:59.545+00:00,2023-08-22T23:01:14.501+00:00,['ORIGINAL_NAME_DERIVED'],Agaricomycetes,6326376.0,Polystictus orientalis Yasuda
2549396,2549396,3786899,gbif:2549396,172095631.0,Fungi,Basidiomycota,Polyporales,Polyporaceae,Earliella,Earliella scabrosa,5,34,186,1145,3286,2549395,2549396,d7dddbf4-2cf0-4f39-9b2a-bb099caae36c,7ddf754f-d193-4cc9-b351-99906754a03b,2549395,Earliella,Earliella scabrosa (Pers.) Gilb. & Ryvarden,Earliella scabrosa,,(Pers.) Gilb. & Ryvarden,SCIENTIFIC,SPECIES,SOURCE,ACCEPTED,[],,(1985). Mycotaxon 22(2): 364.,4,2023-08-22T23:20:59.545+00:00,2023-08-22T23:01:15.959+00:00,['ORIGINAL_NAME_DERIVED'],Agaricomycetes,5248159.0,Polyporus scabrosus Pers.
2548311,2548311,11360607,gbif:2548311,172084895.0,Fungi,Basidiomycota,Polyporales,Polyporaceae,Trametes,Trametes versicolor,5,34,186,1145,3286,2519084,2548311,d7dddbf4-2cf0-4f39-9b2a-bb099caae36c,7ddf754f-d193-4cc9-b351-99906754a03b,2519084,Trametes,Trametes versicolor (L.) Lloyd,Trametes versicolor,Turkeytail,(L.) Lloyd,SCIENTIFIC,SPECIES,SOURCE,ACCEPTED,[],,(1921). Mycol. Notes (Cincinnati) 65: 1045 (’1920′).,15,2023-08-22T23:20:59.545+00:00,2023-08-22T23:01:15.030+00:00,[],Agaricomycetes,,
9645698,9645698,32671097,gbif:9645698,171993517.0,Fungi,Basidiomycota,Tremellales,Tremellaceae,Phaeotremella,Phaeotremella foliacea,5,34,149,1123,3827,2518397,9645698,d7dddbf4-2cf0-4f39-9b2a-bb099caae36c,7ddf754f-d193-4cc9-b351-99906754a03b,2518397,Phaeotremella,"Phaeotremella foliacea (Pers.) Wedin, J.C.Zamora & Millanes",Phaeotremella foliacea,Leafy Brain,"(Pers.) Wedin, J.C.Zamora & Millanes",SCIENTIFIC,SPECIES,SOURCE,ACCEPTED,[],,(2016). Mycosphere 7(3): 296.,1,2023-08-22T23:20:59.545+00:00,2023-08-22T22:59:19.553+00:00,['ORIGINAL_NAME_DERIVED'],Tremellomycetes,5237406.0,Tremella foliacea Pers.
5237434,5237434,11375318,gbif:5237434,171993257.0,Fungi,Basidiomycota,Tremellales,Tremellaceae,Tremella,Tremella fuciformis,5,34,149,1123,3827,7939704,5237434,d7dddbf4-2cf0-4f39-9b2a-bb099caae36c,7ddf754f-d193-4cc9-b351-99906754a03b,7939704,Tremella,Tremella fuciformis Berk.,Tremella fuciformis,Snow Fungus,Berk.,SCIENTIFIC,SPECIES,SOURCE,ACCEPTED,[],,(1856). Hooker’s J. Bot. Kew Gard. Misc. 8: 277.,5,2023-08-22T23:20:59.545+00:00,2023-08-22T22:59:19.066+00:00,[],Tremellomycetes,,
7577590,7577590,11376110,gbif:7577590,117900421.0,Fungi,Basidiomycota,Tremellales,Tremellaceae,Tremella,Tremella mesenterica,5,34,149,1123,3827,7939704,7577590,d7dddbf4-2cf0-4f39-9b2a-bb099caae36c,a43ec6d8-7b8a-4868-ad74-56b824c75698,7939704,Tremella,Tremella mesenterica Retz.,Tremella mesenterica,Yellow Brain,Retz.,SCIENTIFIC,SPECIES,SOURCE,DOUBTFUL,[],Possible variant of Tremella mesenterica (Schaeff.) Pers.,"K. svenska Vetensk-Akad. Handl., ser. 1 30: 249",2,2023-08-22T23:20:59.545+00:00,2023-08-22T22:59:18.799+00:00,['ORTHOGRAPHIC_VARIANT'],Tremellomycetes,,
3324883,3324883,11413782,gbif:3324883,172029688.0,Fungi,Basidiomycota,Agaricales,Tricholomataceae,Tricholoma,Tricholoma equestre,5,34,186,1499,8787,2527766,3324883,d7dddbf4-2cf0-4f39-9b2a-bb099caae36c,7ddf754f-d193-4cc9-b351-99906754a03b,2527766,Tricholoma,Tricholoma equestre (L.) P.Kumm.,Tricholoma equestre,Yellow Knight,(L.) P.Kumm.,SCIENTIFIC,SPECIES,SOURCE,ACCEPTED,[],,(1871). Führ. Pilzk. (Zerbst): 130.,9,2023-08-22T23:20:59.545+00:00,2023-08-22T23:00:02.455+00:00,['ORIGINAL_NAME_DERIVED'],Agaricomycetes,5820631.0,Agaricus equestre L.
3407874,3407874,3664438,gbif:3407874,172233285.0,Fungi,Ascomycota,Lecanorales,Parmeliaceae,Dolichousnea,Dolichousnea diffracta,5,95,180,1048,8305,7248428,3407874,d7dddbf4-2cf0-4f39-9b2a-bb099caae36c,7ddf754f-d193-4cc9-b351-99906754a03b,7248428,Dolichousnea,Dolichousnea diffracta (Vain.) Articus,Dolichousnea diffracta,,(Vain.) Articus,SCIENTIFIC,SPECIES,SOURCE,ACCEPTED,[],,(2004). Taxon 53(4): 932.,1,2023-08-22T23:20:59.545+00:00,2023-08-22T22:55:57.347+00:00,['ORIGINAL_NAME_DERIVED'],Lecanoromycetes,7248115.0,Usnea diffracta Vain.
8699607,8699607,32282688,gbif:8699607,210295825.0,Fungi,Basidiomycota,Ustilaginales,Ustilaginaceae,Mycosarcoma,Mycosarcoma maydis,5,34,148,1121,3821,3370051,8699607,d7dddbf4-2cf0-4f39-9b2a-bb099caae36c,7ddf754f-d193-4cc9-b351-99906754a03b,3370051,Mycosarcoma,Mycosarcoma maydis (DC.) Bref.,Mycosarcoma maydis,Corn Smut,(DC.) Bref.,SCIENTIFIC,SPECIES,SOURCE,ACCEPTED,[],,(1912). Unters. Gesammtgeb. Mykol. (Leipzig) 15: 53.,1,2023-08-22T23:20:59.545+00:00,2023-08-22T23:01:18.778+00:00,['ORIGINAL_NAME_DERIVED'],Ustilaginomycetes,2557478.0,Uredo maydis DC.
5241445,5241445,11819966,gbif:5241445,172036609.0,Fungi,Basidiomycota,Agaricales,Pluteaceae,Volvariella,Volvariella volvacea,5,34,186,1499,8447,2530192,5241445,d7dddbf4-2cf0-4f39-9b2a-bb099caae36c,7ddf754f-d193-4cc9-b351-99906754a03b,2530192,Volvariella,Volvariella volvacea (Bull.) Singer,Volvariella volvacea,,(Bull.) Singer,SCIENTIFIC,SPECIES,SOURCE,ACCEPTED,[],,(1951). Lilloa 22: 401 (’1949′).,13,2023-08-22T23:20:59.545+00:00,2023-08-22T22:59:57.745+00:00,[],Agaricomycetes,,
3459975,3459975,17162168,gbif:3459975,172115235.0,Fungi,Ascomycota,Xylariales,Xylariaceae,Podosordaria,Podosordaria nigripes,5,95,320,1298,4168,2576498,3459975,d7dddbf4-2cf0-4f39-9b2a-bb099caae36c,7ddf754f-d193-4cc9-b351-99906754a03b,2576498,Podosordaria,Podosordaria nigripes (Klotzsch) P.M.D.Martin,Podosordaria nigripes,,(Klotzsch) P.M.D.Martin,SCIENTIFIC,SPECIES,SOURCE,ACCEPTED,[],,(1976). Jl S. Afr. Bot. 42(1): 80.,4,2023-08-22T23:20:59.545+00:00,2023-08-22T22:56:50.637+00:00,['ORIGINAL_NAME_DERIVED'],Sordariomycetes,8390822.0,Sphaeria nigripes Klotzsch
2557574,2557574,11665706,gbif:2557574,176024898.0,Fungi,Basidiomycota,Ustilaginales,Ustilaginaceae,Ustilago,Ustilago esculenta,5,34,148,1121,3821,2513349,2557574,d7dddbf4-2cf0-4f39-9b2a-bb099caae36c,7ddf754f-d193-4cc9-b351-99906754a03b,2513349,Ustilago,Ustilago esculenta Henn.,Ustilago esculenta,Smut fungus,Henn.,SCIENTIFIC,SPECIES,SOURCE,ACCEPTED,[],,(1895). Hedwigia 34: 10.,2,2023-08-22T23:20:59.545+00:00,2023-08-22T23:01:19.349+00:00,[],Ustilaginomycetes,,
