key,nubKey,nameKey,taxonID,kingdom,phylum,order,family,genus,species,kingdomKey,phylumKey,classKey,orderKey,familyKey,genusKey,speciesKey,datasetKey,constituentKey,parentKey,parent,scientificName,canonicalName,vernacularName,authorship,nameType,rank,origin,taxonomicStatus,nomenclaturalStatus,remarks,publishedIn,numDescendants,lastCrawled,lastInterpreted,issues,class,sourceTaxonKey,basionymKey,basionym
6359819,6359819,95910,gbif:6359819,Plantae,Tracheophyta,Lamiales,Acanthaceae,Acanthus,Acanthus ilicifolius,6,7707728,220,408,2393,3173198,6359819,d7dddbf4-2cf0-4f39-9b2a-bb099caae36c,7ddf754f-d193-4cc9-b351-99906754a03b,3173198,Acanthus,Acanthus ilicifolius L.,Acanthus ilicifolius,"Holly-leaved acanthus, Sea holly, Holly mangrove",L.,SCIENTIFIC,SPECIES,SOURCE,ACCEPTED,[],,L. (1753). In: Sp. Pl. 639.,6,2023-08-22T23:20:59.545+00:00,2023-08-22T23:03:42.633+00:00,[],Magnoliopsida,,,
8400302,8400302,4871682,gbif:8400302,Plantae,Tracheophyta,Fabales,Fabaceae,Guilandina,Guilandina bonduc,6,7707728,220,1370,5386,6376699,8400302,d7dddbf4-2cf0-4f39-9b2a-bb099caae36c,7ddf754f-d193-4cc9-b351-99906754a03b,6376699,Guilandina,Guilandina bonduc L.,Guilandina bonduc,,L.,SCIENTIFIC,SPECIES,SOURCE,ACCEPTED,[],,Sp. Pl.: 381 (1753),2,2023-08-22T23:20:59.545+00:00,2023-08-22T23:09:30.044+00:00,[],Magnoliopsida,,,
11973078,11973078,115244900,gbif:11973078,Plantae,Tracheophyta,Fabales,Fabaceae,Caesalpinia,Ticanto crista,6,7707728,220,1370,5386,2958443,11973078,d7dddbf4-2cf0-4f39-9b2a-bb099caae36c,f382f0ce-323a-4091-bb9f-add557f3a9a2,2958443,Caesalpinia,Ticanto crista (L.) R.Clark & Gagnon,Ticanto crista,,(L.) R.Clark & Gagnon,SCIENTIFIC,SPECIES,SOURCE,DOUBTFUL,[],,PhytoKeys 205: 70 (2022),0,2023-08-22T23:20:59.545+00:00,2023-08-22T23:08:58.227+00:00,['NAME_PARENT_MISMATCH'],Magnoliopsida,209723502.0,8179846.0,Caesalpinia crista L.
5354740,5354740,6968531,gbif:5354740,Plantae,Tracheophyta,Fabales,Fabaceae,Mezoneuron,Mezoneuron cucullatum,6,7707728,220,1370,5386,2944261,5354740,d7dddbf4-2cf0-4f39-9b2a-bb099caae36c,7ddf754f-d193-4cc9-b351-99906754a03b,2944261,Mezoneuron,Mezoneuron cucullatum (Roxb.) Wight & Arn.,Mezoneuron cucullatum,,(Roxb.) Wight & Arn.,SCIENTIFIC,SPECIES,SOURCE,ACCEPTED,[],,"R.Wight, Cat. Ind. Pl.: 37 (1833)",1,2023-08-22T23:20:59.545+00:00,2023-08-22T23:09:24.308+00:00,[],Magnoliopsida,,2958654.0,Caesalpinia cucullata Roxb.
3974372,3974372,1455719,gbif:3974372,Plantae,Tracheophyta,Fabales,Fabaceae,Biancaea,Biancaea decapetala,6,7707728,220,1370,5386,7302381,3974372,d7dddbf4-2cf0-4f39-9b2a-bb099caae36c,7ddf754f-d193-4cc9-b351-99906754a03b,7302381,Biancaea,Biancaea decapetala (Roth) O.Deg.,Biancaea decapetala,Cat's claw,(Roth) O.Deg.,SCIENTIFIC,SPECIES,SOURCE,ACCEPTED,[],,Fl. Hawaiiensis: K7 (1936),1,2023-08-22T23:20:59.545+00:00,2023-08-22T23:09:05.375+00:00,[],Magnoliopsida,,5354718.0,Reichardia decapetala Roth
9282392,9282392,36685570,gbif:9282392,Plantae,Tracheophyta,Fabales,Fabaceae,Biancaea,Biancaea godefroyana,6,7707728,220,1370,5386,7302381,9282392,d7dddbf4-2cf0-4f39-9b2a-bb099caae36c,7ddf754f-d193-4cc9-b351-99906754a03b,7302381,Biancaea,Biancaea godefroyana (Kuntze) Molinari & Mayta,Biancaea godefroyana,,(Kuntze) Molinari & Mayta,SCIENTIFIC,SPECIES,SOURCE,ACCEPTED,[],,Weberbauerella1(11): 3 (2016),1,2023-08-22T23:20:59.545+00:00,2023-08-22T23:09:05.434+00:00,[],Magnoliopsida,,2958692.0,Caesalpinia godefroyana Kuntze
2958773,2958773,36683623,gbif:2958773,Plantae,Tracheophyta,Fabales,Fabaceae,Guilandina,Guilandina major,6,7707728,220,1370,5386,6376699,2958773,d7dddbf4-2cf0-4f39-9b2a-bb099caae36c,7ddf754f-d193-4cc9-b351-99906754a03b,6376699,Guilandina,Guilandina major (Medik.) Small,Guilandina major,Hawai'i pearls,(Medik.) Small,SCIENTIFIC,SPECIES,SOURCE,ACCEPTED,[],,Fl. S.E. U.S.: 591 (1903),0,2023-08-22T23:20:59.545+00:00,2023-08-22T23:09:29.927+00:00,[],Magnoliopsida,,2958774.0,Bonduc majus Medik.
9362258,9362258,12564522,gbif:9362258,Plantae,Tracheophyta,Fabales,Fabaceae,Hultholia,Hultholia mimosoides,6,7707728,220,1370,5386,9599254,9362258,d7dddbf4-2cf0-4f39-9b2a-bb099caae36c,7ddf754f-d193-4cc9-b351-99906754a03b,9599254,Hultholia,Hultholia mimosoides (Lam.) Gagnon & G.P.Lewis,Hultholia mimosoides,,(Lam.) Gagnon & G.P.Lewis,SCIENTIFIC,SPECIES,SOURCE,ACCEPTED,[],,PhytoKeys71: 61 (2016),0,2023-08-22T23:20:59.545+00:00,2023-08-22T23:09:17.079+00:00,[],Magnoliopsida,,2958728.0,Caesalpinia mimosoides Lam.
11219613,11219613,63227951,gbif:11219613,Plantae,Tracheophyta,Fabales,Fabaceae,Guilandina,Guilandina minax,6,7707728,220,1370,5386,6376699,11219613,d7dddbf4-2cf0-4f39-9b2a-bb099caae36c,7ddf754f-d193-4cc9-b351-99906754a03b,6376699,Guilandina,Guilandina minax (Hance) G.P.Lewis,Guilandina minax,,(Hance) G.P.Lewis,SCIENTIFIC,SPECIES,SOURCE,ACCEPTED,[],,Kew Bull.75(1)-10: 2 (2020),1,2023-08-22T23:20:59.545+00:00,2023-08-22T23:09:30.034+00:00,[],Magnoliopsida,,2958556.0,Caesalpinia minax Hance
2958715,2958715,1773596,gbif:2958715,Plantae,Tracheophyta,Fabales,Fabaceae,Caesalpinia,Caesalpinia pulcherrima,6,7707728,220,1370,5386,2958443,2958715,d7dddbf4-2cf0-4f39-9b2a-bb099caae36c,7ddf754f-d193-4cc9-b351-99906754a03b,2958443,Caesalpinia,Caesalpinia pulcherrima (L.) Sw.,Caesalpinia pulcherrima,Pride-of-barbados,(L.) Sw.,SCIENTIFIC,SPECIES,SOURCE,ACCEPTED,[],,Observ. Bot.: 166 (1791),3,2023-08-22T23:20:59.545+00:00,2023-08-22T23:08:58.159+00:00,[],Magnoliopsida,,2958716.0,Poinciana pulcherrima L.
2958871,2958871,1455730,gbif:2958871,Plantae,Tracheophyta,Fabales,Fabaceae,Biancaea,Biancaea sappan,6,7707728,220,1370,5386,7302381,2958871,d7dddbf4-2cf0-4f39-9b2a-bb099caae36c,7ddf754f-d193-4cc9-b351-99906754a03b,7302381,Biancaea,Biancaea sappan (L.) Tod.,Biancaea sappan,Sappanwood,(L.) Tod.,SCIENTIFIC,SPECIES,SOURCE,ACCEPTED,[],,Hort. Bot. Panorm.1: 3 (1875),1,2023-08-22T23:20:59.545+00:00,2023-08-22T23:09:05.453+00:00,[],Magnoliopsida,,2958870.0,Caesalpinia sappan L.
5354716,5354716,6968754,gbif:5354716,Plantae,Tracheophyta,Fabales,Fabaceae,Mezoneuron,Mezoneuron sinense,6,7707728,220,1370,5386,2944261,5354716,d7dddbf4-2cf0-4f39-9b2a-bb099caae36c,7ddf754f-d193-4cc9-b351-99906754a03b,2944261,Mezoneuron,Mezoneuron sinense Hemsl.,Mezoneuron sinense,,Hemsl.,SCIENTIFIC,SPECIES,SOURCE,ACCEPTED,[],,"J. Linn. Soc., Bot.23: 204 (1887)",0,2023-08-22T23:20:59.545+00:00,2023-08-22T23:09:24.528+00:00,[],Magnoliopsida,,,
2942727,2942727,3021787,gbif:2942727,Plantae,Tracheophyta,Fabales,Fabaceae,Crotalaria,Crotalaria spectabilis,6,7707728,220,1370,5386,2941719,2942727,d7dddbf4-2cf0-4f39-9b2a-bb099caae36c,7ddf754f-d193-4cc9-b351-99906754a03b,2941719,Crotalaria,Crotalaria spectabilis Roth,Crotalaria spectabilis,Showy rattlebox,Roth,SCIENTIFIC,SPECIES,SOURCE,ACCEPTED,[],,Nov. Pl. Sp.: 341 (1821),1,2023-08-22T23:20:59.545+00:00,2023-08-22T23:09:26.850+00:00,[],Magnoliopsida,,,
2942157,2942157,3022022,gbif:2942157,Plantae,Tracheophyta,Fabales,Fabaceae,Crotalaria,Crotalaria tetragona,6,7707728,220,1370,5386,2941719,2942157,d7dddbf4-2cf0-4f39-9b2a-bb099caae36c,7ddf754f-d193-4cc9-b351-99906754a03b,2941719,Crotalaria,Crotalaria tetragona Roxb. ex Andrews,Crotalaria tetragona,,Roxb. ex Andrews,SCIENTIFIC,SPECIES,SOURCE,ACCEPTED,[],,Bot. Repos.10: t. 593 (1810),0,2023-08-22T23:20:59.545+00:00,2023-08-22T23:09:28.387+00:00,[],Magnoliopsida,,,
2941939,2941939,3022074,gbif:2941939,Plantae,Tracheophyta,Fabales,Fabaceae,Crotalaria,Crotalaria trichotoma,6,7707728,220,1370,5386,2941719,2941939,d7dddbf4-2cf0-4f39-9b2a-bb099caae36c,7ddf754f-d193-4cc9-b351-99906754a03b,2941719,Crotalaria,Crotalaria trichotoma Bojer,Crotalaria trichotoma,West indian rattlebox,Bojer,SCIENTIFIC,SPECIES,SOURCE,ACCEPTED,[],,"Ann. Sci. Nat., Bot., sér. 2, 4: 265 (1835)",0,2023-08-22T23:20:59.545+00:00,2023-08-22T23:09:27.243+00:00,[],Magnoliopsida,,,
2942654,2942654,3022296,gbif:2942654,Plantae,Tracheophyta,Fabales,Fabaceae,Crotalaria,Crotalaria verrucosa,6,7707728,220,1370,5386,2941719,2942654,d7dddbf4-2cf0-4f39-9b2a-bb099caae36c,7ddf754f-d193-4cc9-b351-99906754a03b,2941719,Crotalaria,Crotalaria verrucosa L.,Crotalaria verrucosa,Blue rattlesnake,L.,SCIENTIFIC,SPECIES,SOURCE,ACCEPTED,[],,Sp. Pl.: 715 (1753),0,2023-08-22T23:20:59.545+00:00,2023-08-22T23:09:28.814+00:00,[],Magnoliopsida,,,
5249271,5249271,1212658,gbif:5249271,Fungi,Basidiomycota,Auriculariales,Auriculariaceae,Auricularia,Auricularia auricula-judae,5,34,186,1062,8788,7984308,5249271,d7dddbf4-2cf0-4f39-9b2a-bb099caae36c,7ddf754f-d193-4cc9-b351-99906754a03b,7984308,Auricularia,Auricularia auricula-judae (Bull.) Quél.,Auricularia auricula-judae,Jelly Ear,(Bull.) Quél.,SCIENTIFIC,SPECIES,SOURCE,ACCEPTED,[],,(1886). Enchir. Fung. (Paris): 207.,12,2023-08-22T23:20:59.545+00:00,2023-08-22T22:59:41.275+00:00,['ORIGINAL_NAME_DERIVED'],Agaricomycetes,176063664.0,7239041.0,Tremella auricula-judae Bull.
5249297,5249297,1213053,gbif:5249297,Fungi,Basidiomycota,Auriculariales,Auriculariaceae,Auricularia,Auricularia mesenterica,5,34,186,1062,8788,7984308,5249297,d7dddbf4-2cf0-4f39-9b2a-bb099caae36c,7ddf754f-d193-4cc9-b351-99906754a03b,7984308,Auricularia,Auricularia mesenterica (Dicks.) Pers.,Auricularia mesenterica,Tripe Fungus,(Dicks.) Pers.,SCIENTIFIC,SPECIES,SOURCE,ACCEPTED,[],,(1822). Mycol. Eur. (Erlanga) 1: 97.,6,2023-08-22T23:20:59.545+00:00,2023-08-22T22:59:40.986+00:00,['ORIGINAL_NAME_DERIVED'],Agaricomycetes,172019731.0,2553578.0,Helvella mesenterica Dicks.
5524063,5524063,873674,gbif:5524063,Plantae,Tracheophyta,Malvales,Thymelaeaceae,Aquilaria,Aquilaria malaccensis,6,7707728,220,941,2428,3233900,5524063,d7dddbf4-2cf0-4f39-9b2a-bb099caae36c,7ddf754f-d193-4cc9-b351-99906754a03b,3233900,Aquilaria,Aquilaria malaccensis Lam.,Aquilaria malaccensis,Indian aloewood,Lam.,SCIENTIFIC,SPECIES,SOURCE,ACCEPTED,[],,Lam. (1783). In: Encyc. 1: 49.,0,2023-08-22T23:20:59.545+00:00,2023-08-22T23:13:07.913+00:00,[],Magnoliopsida,,,
8315192,8315192,3090220,gbif:8315192,Plantae,Tracheophyta,Cucurbitales,Cucurbitaceae,Cucurbita,Cucurbita maxima,6,7707728,220,7224005,6634,2874506,8315192,d7dddbf4-2cf0-4f39-9b2a-bb099caae36c,aacd816d-662c-49d2-ad1a-97e66e2a2908,2874506,Cucurbita,Cucurbita maxima Duchesne ex Lam.,Cucurbita maxima,Pumpkin,Duchesne ex Lam.,SCIENTIFIC,SPECIES,SOURCE,DOUBTFUL,[],Possible variant of Cucurbita maxima Duchesne,"Encyclop?die M?thodique, Botanique 2 1786",0,2023-08-22T23:20:59.545+00:00,2023-08-22T23:07:42.537+00:00,['ORTHOGRAPHIC_VARIANT'],Magnoliopsida,114708918.0,,
7311442,7311442,3302669,gbif:7311442,Plantae,Tracheophyta,Malvales,Thymelaeaceae,Daphne,Daphne bholua,6,7707728,220,941,2428,3188453,7311442,d7dddbf4-2cf0-4f39-9b2a-bb099caae36c,7ddf754f-d193-4cc9-b351-99906754a03b,3188453,Daphne,Daphne bholua Buch.-Ham. ex D.Don,Daphne bholua,,Buch.-Ham. ex D.Don,SCIENTIFIC,SPECIES,SOURCE,ACCEPTED,[],,Buch.-Ham. ex D. Don. (1825). In: Prodr. Fl. Nep. 68.,2,2023-08-22T23:20:59.545+00:00,2023-08-22T23:13:08.632+00:00,[],Magnoliopsida,,,
7326897,7326897,5098961,gbif:7326897,Plantae,Tracheophyta,Aquifoliales,Helwingiaceae,Helwingia,Helwingia japonica,6,7707728,220,7226638,3697177,7326894,7326897,d7dddbf4-2cf0-4f39-9b2a-bb099caae36c,7ddf754f-d193-4cc9-b351-99906754a03b,7326894,Helwingia,Helwingia japonica (Thunb.) F.Dietr.,Helwingia japonica,,(Thunb.) F.Dietr.,SCIENTIFIC,SPECIES,SOURCE,ACCEPTED,[],,Nachtr. Vollst. Lex. Gärtn. 3: 660 (1817),9,2023-08-22T23:20:59.545+00:00,2023-08-22T23:09:42.911+00:00,[],Magnoliopsida,,3788972.0,Osyris japonica Thunb.
5248532,5248532,5148873,gbif:5248532,Fungi,Basidiomycota,Russulales,Hericiaceae,Hericium,Hericium coralloides,5,34,186,1144,7612,5244571,5248532,d7dddbf4-2cf0-4f39-9b2a-bb099caae36c,7ddf754f-d193-4cc9-b351-99906754a03b,5244571,Hericium,Hericium coralloides (Scop.) Pers.,Hericium coralloides,Coral Tooth,(Scop.) Pers.,SCIENTIFIC,SPECIES,SOURCE,ACCEPTED,[],,(1794). Neues Mag. Bot. 1: 109.,7,2023-08-22T23:20:59.545+00:00,2023-08-22T23:01:00.135+00:00,['ORIGINAL_NAME_DERIVED'],Agaricomycetes,172100146.0,2550566.0,Hydnum coralloides Scop.
7314066,7314066,5556438,gbif:7314066,Plantae,Tracheophyta,Austrobaileyales,Schisandraceae,Illicium,Illicium jiadifengpi,6,7707728,220,7221318,6691,2889755,7314066,d7dddbf4-2cf0-4f39-9b2a-bb099caae36c,7ddf754f-d193-4cc9-b351-99906754a03b,2889755,Illicium,Illicium jiadifengpi B.N.Chang,Illicium jiadifengpi,,B.N.Chang,SCIENTIFIC,SPECIES,SOURCE,ACCEPTED,[],,"Chang, B. N. (1982). In: Acta Bot. Yunnan. 4(1): 47-48.",0,2023-08-22T23:20:59.545+00:00,2023-08-22T23:07:38.062+00:00,[],Magnoliopsida,,,
5529331,5529331,5713629,gbif:5529331,Plantae,Tracheophyta,Icacinales,Icacinaceae,Iodes,Iodes seguinii,6,7707728,220,7223732,2513,3234373,5529331,d7dddbf4-2cf0-4f39-9b2a-bb099caae36c,7ddf754f-d193-4cc9-b351-99906754a03b,3234373,Iodes,Iodes seguinii (H.Lév.) Rehder,Iodes seguinii,,(H.Lév.) Rehder,SCIENTIFIC,SPECIES,SOURCE,ACCEPTED,[],,Rehder. (1934). In: J. Arnold Arbor. 15: 3.,0,2023-08-22T23:20:59.545+00:00,2023-08-22T23:07:36.513+00:00,[],Magnoliopsida,,8415332.0,Vitis seguinii H.Lév.
5529313,5529313,5713683,gbif:5529313,Plantae,Tracheophyta,Icacinales,Icacinaceae,Iodes,Iodes vitiginea,6,7707728,220,7223732,2513,3234373,5529313,d7dddbf4-2cf0-4f39-9b2a-bb099caae36c,7ddf754f-d193-4cc9-b351-99906754a03b,3234373,Iodes,Iodes vitiginea (Hance) Hance,Iodes vitiginea,,(Hance) Hance,SCIENTIFIC,SPECIES,SOURCE,ACCEPTED,[],,"Hance. (1874). In: J. Bot., 184.",1,2023-08-22T23:20:59.545+00:00,2023-08-22T23:07:36.578+00:00,[],Magnoliopsida,,3685958.0,Erythrostaphyle vitiginea Hance
7262379,7262379,7187533,gbif:7262379,Plantae,Tracheophyta,Rosales,Moraceae,Morus,Morus macroura,6,7707728,220,691,6640,2984545,7262379,d7dddbf4-2cf0-4f39-9b2a-bb099caae36c,7ddf754f-d193-4cc9-b351-99906754a03b,2984545,Morus,Morus macroura Miq.,Morus macroura,King White Mulberry,Miq.,SCIENTIFIC,SPECIES,SOURCE,ACCEPTED,[],,Miq. (1851). In: Pl. Jungh. 42.,3,2023-08-22T23:20:59.545+00:00,2023-08-22T23:10:18.395+00:00,[],Magnoliopsida,,,
4108550,4108550,6789877,gbif:4108550,Plantae,Tracheophyta,Poales,Poaceae,Megathyrsus,Megathyrsus maximus,6,7707728,196,1369,3073,6431475,4108550,d7dddbf4-2cf0-4f39-9b2a-bb099caae36c,7ddf754f-d193-4cc9-b351-99906754a03b,6431475,Megathyrsus,Megathyrsus maximus (Jacq.) B.K.Simon & S.W.L.Jacobs,Megathyrsus maximus,Guineagrass,(Jacq.) B.K.Simon & S.W.L.Jacobs,SCIENTIFIC,SPECIES,SOURCE,ACCEPTED,[],,Austrobaileya 6: 572 (2003),5,2023-08-22T23:20:59.545+00:00,2023-08-22T23:15:28.997+00:00,[],Liliopsida,,2705868.0,Panicum maximum Jacq.
3022372,3022372,9278988,gbif:3022372,Plantae,Tracheophyta,Rosales,Rosaceae,Prunus,Prunus javanica,6,7707728,220,691,5015,3020559,3022372,d7dddbf4-2cf0-4f39-9b2a-bb099caae36c,7ddf754f-d193-4cc9-b351-99906754a03b,3020559,Prunus,Prunus javanica (Teijsm. & Binn.) Miq.,Prunus javanica,,(Teijsm. & Binn.) Miq.,SCIENTIFIC,SPECIES,SOURCE,ACCEPTED,[],,Miq. (1855). In: Fl. Ned. Ind. 1: 365.,2,2023-08-22T23:20:59.545+00:00,2023-08-22T23:10:30.787+00:00,[],Magnoliopsida,,3022378.0,Cerasus javanica Teijsm. & Binn.
5381460,5381460,8653492,gbif:5381460,Plantae,Tracheophyta,Malpighiales,Phyllanthaceae,Phyllanthus,Phyllanthus binhii,6,7707728,220,1414,8807,3061139,5381460,d7dddbf4-2cf0-4f39-9b2a-bb099caae36c,7ddf754f-d193-4cc9-b351-99906754a03b,3061139,Phyllanthus,Phyllanthus binhii Thin,Phyllanthus binhii,,Thin,SCIENTIFIC,SPECIES,SOURCE,ACCEPTED,[],,Euphorb. Vietnam: 48 (1995),0,2023-08-22T23:20:59.545+00:00,2023-08-22T23:04:04.854+00:00,[],Magnoliopsida,,,
8618631,8618631,8518890,gbif:8618631,Fungi,Basidiomycota,Phallales,Phallaceae,Phallus,Phallus multicolor,5,34,186,532,3292,2524102,8618631,d7dddbf4-2cf0-4f39-9b2a-bb099caae36c,0e61f8fe-7d25-4f81-ada7-d970bbb2c6d6,2524102,Phallus,"Phallus multicolor (Berk. & Broome) Cooke, 1882",Phallus multicolor,,"(Berk. & Broome) Cooke, 1882",SCIENTIFIC,SPECIES,SOURCE,ACCEPTED,[],,,2,2023-08-22T23:20:59.545+00:00,2023-08-22T23:00:51.897+00:00,['ORIGINAL_NAME_DERIVED'],Agaricomycetes,193998158.0,8452411.0,"Dictyophora multicolor Berk. & Broome, 1883"
3125210,3125210,10835062,gbif:3125210,Plantae,Tracheophyta,Asterales,Asteraceae,Strobocalyx,Strobocalyx arborea,6,7707728,220,414,3065,7427317,3125210,d7dddbf4-2cf0-4f39-9b2a-bb099caae36c,7ddf754f-d193-4cc9-b351-99906754a03b,7427317,Strobocalyx,Strobocalyx arborea (Buch.-Ham.) Sch.Bip.,Strobocalyx arborea,,(Buch.-Ham.) Sch.Bip.,SCIENTIFIC,SPECIES,SOURCE,ACCEPTED,[],,Sch. Bip. (1861). In: Jahresber. Pollichia 18-19: 171.,15,2023-08-22T23:20:59.545+00:00,2023-08-22T23:04:53.796+00:00,[],Magnoliopsida,,7883048.0,Vernonia arborea Buch.-Ham.
2874570,2874570,3088652,gbif:2874570,Plantae,Tracheophyta,Cucurbitales,Cucurbitaceae,Cucumis,Cucumis melo,6,7707728,220,7224005,6634,2874568,2874570,d7dddbf4-2cf0-4f39-9b2a-bb099caae36c,7ddf754f-d193-4cc9-b351-99906754a03b,2874568,Cucumis,Cucumis melo L.,Cucumis melo,Melon,L.,SCIENTIFIC,SPECIES,SOURCE,ACCEPTED,[],,Sp. Pl.: 1011 (1753),13,2023-08-22T23:20:59.545+00:00,2023-08-22T23:07:50.540+00:00,[],Magnoliopsida,,,
